9.807,-0.059,0.053,0.006
9.817,-0.058,0.053,0.006
9.827,-0.058,0.052,0.006
9.837,-0.058,0.052,0.006
9.847,-0.057,0.051,0.006
9.857,-0.057,0.050,0.006
9.867,-0.056,0.050,0.006
9.877,-0.056,0.050,0.006
9.888,-0.056,0.049,0.006
9.897,-0.055,0.049,0.006
9.907,-0.055,0.049,0.006
9.917,-0.055,0.048,0.006
9.926,-0.054,0.048,0.006
9.937,-0.054,0.047,0.007
9.947,-0.053,0.047,0.007
9.957,-0.053,0.046,0.007
9.967,-0.052,0.046,0.008
9.977,-0.052,0.045,0.008
9.987,-0.051,0.045,0.008
9.997,-0.051,0.045,0.007
10.007,-0.050,0.044,0.007
10.017,-0.050,0.044,0.007
10.027,-0.049,0.044,0.008
10.037,-0.049,0.043,0.007
10.047,-0.049,0.043,0.008
10.057,-0.048,0.043,0.008
10.067,-0.047,0.042,0.008
10.077,-0.047,0.042,0.008
10.086,-0.047,0.042,0.008
10.096,-0.047,0.041,0.008
10.107,-0.046,0.041,0.008
10.117,-0.046,0.041,0.008
10.127,-0.046,0.041,0.008
10.136,-0.046,0.040,0.008
10.147,-0.045,0.040,0.008
10.157,-0.045,0.040,0.008
10.167,-0.045,0.039,0.008
10.176,-0.044,0.039,0.008
10.187,-0.043,0.039,0.008
10.197,-0.043,0.039,0.008
10.207,-0.043,0.038,0.008
10.216,-0.042,0.038,0.008
10.226,-0.042,0.038,0.009
10.237,-0.041,0.038,0.008
10.247,-0.041,0.037,0.009
10.256,-0.041,0.037,0.009
10.266,-0.040,0.036,0.009
10.277,-0.040,0.036,0.009
10.287,-0.040,0.035,0.009
10.296,-0.040,0.035,0.009
10.306,-0.039,0.035,0.009
10.317,-0.039,0.035,0.009
10.327,-0.039,0.035,0.010
10.336,-0.039,0.034,0.010
10.346,-0.039,0.034,0.010
10.357,-0.039,0.034,0.009
10.367,-0.038,0.034,0.009
10.377,-0.038,0.033,0.009
10.386,-0.037,0.033,0.009
10.396,-0.037,0.032,0.009
10.407,-0.037,0.032,0.008
10.416,-0.036,0.032,0.008
10.426,-0.036,0.032,0.009
10.436,-0.036,0.032,0.009
10.447,-0.035,0.031,0.010
10.457,-0.035,0.031,0.009
10.466,-0.035,0.030,0.009
10.476,-0.035,0.030,0.009
10.487,-0.034,0.030,0.009
10.496,-0.034,0.030,0.010
10.506,-0.034,0.030,0.010
10.516,-0.034,0.029,0.010
10.527,-0.033,0.029,0.010
10.537,-0.033,0.029,0.010
10.546,-0.033,0.029,0.010
10.556,-0.033,0.029,0.010
10.566,-0.032,0.028,0.011
10.577,-0.032,0.028,0.010
10.586,-0.032,0.028,0.010
10.596,-0.031,0.028,0.011
10.606,-0.031,0.027,0.010
10.617,-0.031,0.027,0.010
10.626,-0.031,0.027,0.011
10.636,-0.031,0.027,0.011
10.646,-0.030,0.027,0.010
10.657,-0.030,0.027,0.010
10.666,-0.030,0.027,0.011
10.676,-0.030,0.026,0.010
10.686,-0.029,0.026,0.011
10.697,-0.029,0.026,0.011
10.706,-0.028,0.025,0.010
10.716,-0.028,0.025,0.010
10.726,-0.028,0.025,0.011
10.736,-0.028,0.025,0.010
10.746,-0.028,0.024,0.011
10.756,-0.028,0.024,0.011
10.766,-0.027,0.024,0.011
10.776,-0.027,0.024,0.010
10.786,-0.027,0.024,0.011
10.796,-0.027,0.024,0.011
10.806,-0.026,0.023,0.011
10.816,-0.026,0.023,0.011
10.826,-0.026,0.023,0.011
10.836,-0.026,0.023,0.011
10.846,-0.026,0.023,0.012
10.856,-0.026,0.023,0.012
10.866,-0.026,0.023,0.011
10.876,-0.025,0.023,0.011
10.886,-0.025,0.023,0.011
10.896,-0.025,0.022,0.011
10.905,-0.025,0.022,0.011
10.916,-0.025,0.022,0.011
10.926,-0.024,0.022,0.011
10.936,-0.024,0.021,0.011
10.945,-0.024,0.021,0.011
10.956,-0.023,0.021,0.011
10.966,-0.023,0.021,0.011
10.976,-0.023,0.021,0.011
10.986,-0.023,0.020,0.011
10.996,-0.023,0.020,0.011
11.006,-0.023,0.020,0.011
11.016,-0.022,0.020,0.011
11.025,-0.022,0.020,0.011
11.035,-0.022,0.019,0.011
11.046,-0.022,0.019,0.011
11.056,-0.022,0.019,0.011
11.066,-0.022,0.019,0.011
11.075,-0.022,0.019,0.010
11.086,-0.022,0.019,0.011
11.096,-0.022,0.019,0.011
11.105,-0.022,0.019,0.011
11.115,-0.022,0.018,0.011
11.126,-0.021,0.018,0.012
11.136,-0.021,0.018,0.011
11.146,-0.021,0.018,0.011
11.155,-0.021,0.018,0.011
11.165,-0.020,0.018,0.012
11.176,-0.020,0.018,0.011
11.186,-0.019,0.018,0.011
11.195,-0.019,0.018,0.011
11.205,-0.019,0.017,0.011
11.216,-0.019,0.017,0.011
11.226,-0.019,0.017,0.011
11.235,-0.019,0.016,0.011
11.245,-0.019,0.016,0.011
11.256,-0.019,0.016,0.011
11.266,-0.018,0.016,0.012
11.275,-0.018,0.016,0.012
11.285,-0.018,0.016,0.012
11.296,-0.018,0.016,0.011
11.306,-0.018,0.016,0.012
11.316,-0.018,0.016,0.012
11.325,-0.017,0.016,0.012
11.335,-0.017,0.016,0.012
11.346,-0.017,0.016,0.012
11.355,-0.017,0.015,0.012
11.365,-0.017,0.015,0.011
11.375,-0.017,0.015,0.012
11.386,-0.017,0.014,0.011
11.396,-0.017,0.014,0.012
11.405,-0.017,0.014,0.012
11.415,-0.016,0.014,0.012
11.426,-0.016,0.014,0.012
11.436,-0.016,0.014,0.012
11.445,-0.016,0.014,0.012
11.455,-0.016,0.014,0.012
11.466,-0.016,0.014,0.012
11.475,-0.015,0.014,0.012
11.485,-0.016,0.014,0.011
11.495,-0.016,0.014,0.011
11.505,-0.015,0.014,0.011
11.516,-0.015,0.014,0.011
11.525,-0.015,0.014,0.011
11.535,-0.015,0.013,0.011
11.545,-0.015,0.014,0.011
11.556,-0.015,0.013,0.011
11.565,-0.014,0.013,0.011
11.575,-0.014,0.013,0.011
11.585,-0.014,0.013,0.011
11.596,-0.014,0.013,0.011
11.605,-0.014,0.012,0.012
11.615,-0.014,0.012,0.012
11.625,-0.013,0.012,0.011
11.634,-0.013,0.012,0.012
11.645,-0.013,0.012,0.012
11.655,-0.013,0.012,0.012
11.665,-0.013,0.012,0.013
11.675,-0.013,0.012,0.013
11.685,-0.013,0.011,0.012
11.695,-0.013,0.011,0.013
11.705,-0.012,0.011,0.013
11.715,-0.012,0.011,0.013
11.725,-0.013,0.011,0.013
11.735,-0.013,0.011,0.013
11.745,-0.013,0.011,0.013
11.755,-0.012,0.011,0.013
11.765,-0.012,0.010,0.013
11.775,-0.011,0.010,0.013
11.785,-0.012,0.010,0.013
11.795,-0.012,0.011,0.012
11.805,-0.012,0.011,0.013
11.815,-0.012,0.010,0.013
11.825,-0.012,0.010,0.013
11.835,-0.012,0.010,0.013
11.844,-0.012,0.010,0.013
11.855,-0.012,0.009,0.012
11.865,-0.012,0.010,0.012
11.875,-0.012,0.010,0.012
11.884,-0.012,0.009,0.013
11.895,-0.012,0.009,0.013
11.905,-0.012,0.009,0.013
11.915,-0.012,0.009,0.013
11.925,-0.012,0.009,0.013
11.935,-0.011,0.009,0.013
11.945,-0.011,0.009,0.013
11.955,-0.011,0.008,0.013
11.965,-0.011,0.009,0.012
11.974,-0.011,0.008,0.012
11.985,-0.011,0.009,0.012
11.995,-0.011,0.009,0.012
12.005,-0.010,0.009,0.012
12.014,-0.010,0.009,0.013
12.025,-0.010,0.009,0.012
12.035,-0.010,0.008,0.012
12.045,-0.010,0.008,0.012
12.054,-0.010,0.008,0.012
12.065,-0.010,0.008,0.013
12.075,-0.009,0.008,0.013
12.085,-0.009,0.008,0.013
12.094,-0.009,0.008,0.013
12.105,-0.010,0.008,0.012
12.115,-0.010,0.008,0.012
12.124,-0.009,0.008,0.012
12.134,-0.009,0.008,0.012
12.144,-0.009,0.007,0.012
12.155,-0.009,0.007,0.012
12.165,-0.009,0.007,0.012
12.174,-0.009,0.007,0.013
12.184,-0.009,0.007,0.012
12.195,-0.009,0.007,0.012
12.205,-0.009,0.007,0.013
12.214,-0.008,0.007,0.012
12.224,-0.008,0.007,0.012
12.235,-0.008,0.007,0.012
12.245,-0.008,0.007,0.012
12.254,-0.008,0.007,0.012
12.264,-0.008,0.007,0.012
12.274,-0.008,0.007,0.012
12.285,-0.008,0.007,0.012
12.294,-0.008,0.007,0.012
12.304,-0.008,0.007,0.012
12.314,-0.008,0.007,0.012
12.325,-0.008,0.006,0.012
12.334,-0.008,0.007,0.012
12.344,-0.008,0.007,0.012
12.354,-0.008,0.007,0.013
12.365,-0.008,0.007,0.013
12.375,-0.008,0.007,0.012
12.384,-0.008,0.007,0.013
12.394,-0.008,0.007,0.013
12.405,-0.007,0.006,0.013
12.415,-0.007,0.006,0.012
12.424,-0.007,0.006,0.013
12.434,-0.007,0.006,0.012
12.444,-0.008,0.006,0.012
12.455,-0.008,0.006,0.013
12.464,-0.007,0.006,0.012
12.474,-0.007,0.006,0.012
12.484,-0.007,0.005,0.012
12.494,-0.007,0.006,0.012
12.504,-0.007,0.006,0.012
12.514,-0.007,0.006,0.012
12.524,-0.007,0.006,0.012
12.535,-0.007,0.005,0.012
12.544,-0.007,0.005,0.012
12.554,-0.007,0.005,0.012
12.564,-0.007,0.005,0.012
12.575,-0.007,0.005,0.012
12.584,-0.007,0.005,0.011
12.594,-0.006,0.005,0.012
12.604,-0.006,0.005,0.012
12.614,-0.007,0.005,0.012
12.624,-0.007,0.005,0.012
12.634,-0.007,0.005,0.011
12.644,-0.007,0.005,0.012
12.654,-0.007,0.005,0.011
12.664,-0.014,0.009,0.011
12.674,-0.010,0.007,0.011
12.684,-0.009,0.006,0.012
12.694,-0.013,0.013,0.013
12.704,0.013,0.000,0.033
12.714,-0.037,0.004,0.133
12.724,-0.026,0.045,0.208
12.734,-0.012,0.077,0.256
12.743,0.010,0.066,0.241
12.754,0.016,0.071,0.242
12.764,0.015,0.064,0.231
12.774,0.004,0.038,0.216
12.783,-0.006,0.014,0.231
12.794,-0.026,-0.011,0.242
12.804,-0.030,-0.027,0.218
12.814,-0.030,-0.029,0.191
12.824,-0.031,-0.036,0.179
12.834,-0.033,-0.032,0.169
12.844,-0.034,-0.018,0.158
12.854,-0.031,-0.005,0.146
12.863,-0.030,0.000,0.133
12.874,-0.027,0.008,0.123
12.884,-0.022,0.015,0.115
12.894,-0.012,0.020,0.104
12.904,-0.005,0.021,0.094
12.913,-0.001,0.016,0.084
12.924,0.005,0.008,0.074
12.934,0.011,0.003,0.069
12.944,0.020,0.000,0.058
12.964,0.022,-0.032,0.026
12.974,0.023,-0.042,0.007
12.984,0.024,-0.050,-0.015
12.993,0.024,-0.057,-0.031
13.004,0.026,-0.060,-0.041
13.014,0.026,-0.060,-0.050
13.024,0.025,-0.058,-0.062
13.033,0.024,-0.058,-0.075
13.044,0.023,-0.056,-0.091
13.054,0.021,-0.055,-0.111
13.064,0.020,-0.050,-0.128
13.073,0.019,-0.045,-0.141
13.083,0.015,-0.042,-0.145
13.094,0.013,-0.038,-0.143
13.104,0.013,-0.032,-0.134
13.113,0.015,-0.021,-0.121
13.123,0.016,-0.015,-0.118
13.134,0.014,-0.016,-0.119
13.144,0.011,-0.020,-0.117
13.153,0.009,-0.023,-0.108
13.163,0.008,-0.022,-0.095
13.174,0.005,-0.020,-0.083
13.184,0.003,-0.016,-0.073
13.193,0.001,-0.010,-0.067
13.203,0.001,-0.003,-0.063
13.213,-0.001,0.004,-0.062
13.224,-0.003,0.006,-0.067
13.233,-0.005,0.009,-0.071
13.243,-0.008,0.013,-0.069
13.253,-0.010,0.018,-0.064
13.264,-0.008,0.023,-0.060
13.273,-0.007,0.029,-0.053
13.283,-0.006,0.036,-0.046
13.293,-0.005,0.041,-0.042
13.304,-0.005,0.042,-0.037
13.314,-0.005,0.040,-0.036
13.323,-0.005,0.038,-0.041
13.333,-0.006,0.036,-0.046
13.344,-0.008,0.034,-0.052
13.353,-0.011,0.033,-0.058
13.363,-0.014,0.033,-0.065
13.373,-0.017,0.034,-0.069
13.383,-0.019,0.038,-0.071
13.394,-0.020,0.039,-0.073
13.403,-0.022,0.034,-0.072
13.413,-0.022,0.029,-0.065
13.423,-0.020,0.026,-0.054
13.433,-0.017,0.024,-0.038
13.443,-0.013,0.023,-0.019
13.453,-0.010,0.026,-0.003
13.463,-0.009,0.029,0.004
13.474,-0.009,0.027,0.004
13.483,-0.011,0.022,0.001
13.493,-0.014,0.017,-0.001
13.503,-0.016,0.015,-0.003
13.514,-0.019,0.013,-0.005
13.523,-0.021,0.009,-0.009
13.533,-0.023,0.004,-0.012
13.543,-0.024,0.001,-0.010
13.553,-0.024,0.001,-0.008
13.563,-0.023,0.003,-0.006
13.573,-0.022,0.004,-0.004
13.583,-0.022,0.004,-0.004
13.593,-0.023,0.004,-0.006
13.603,-0.023,0.000,-0.005
13.613,-0.024,-0.004,-0.001
13.623,-0.023,-0.007,0.005
13.633,-0.021,-0.010,0.012
13.643,-0.018,-0.015,0.018
13.653,-0.018,-0.021,0.026
13.663,-0.019,-0.029,0.033
13.673,-0.022,-0.039,0.038
13.682,-0.026,-0.053,0.040
13.693,-0.031,-0.068,0.042
13.703,-0.037,-0.082,0.046
13.713,-0.040,-0.092,0.050
13.723,-0.045,-0.101,0.051
13.733,-0.054,-0.111,0.049
13.743,-0.062,-0.123,0.045
13.753,-0.068,-0.134,0.040
13.762,-0.073,-0.143,0.042
13.773,-0.074,-0.149,0.046
13.783,-0.074,-0.153,0.046
13.793,-0.071,-0.154,0.046
13.803,-0.067,-0.150,0.055
13.813,-0.059,-0.144,0.066
13.823,-0.059,-0.140,0.068
13.833,-0.053,-0.126,0.065
13.842,-0.043,-0.107,0.059
13.852,-0.034,-0.092,0.053
13.863,-0.027,-0.079,0.044
13.873,-0.019,-0.065,0.030
13.882,-0.016,-0.054,0.017
13.892,-0.013,-0.038,0.011
13.903,-0.007,-0.019,0.012
13.913,-0.001,-0.001,0.017
13.923,0.006,0.018,0.023
13.932,0.014,0.037,0.027
13.943,0.022,0.053,0.029
13.953,0.029,0.065,0.026
13.963,0.034,0.072,0.017
13.972,0.036,0.075,0.005
13.983,0.038,0.080,-0.003
13.993,0.039,0.088,-0.003
14.002,0.039,0.097,0.002
14.012,0.041,0.106,0.009
14.022,0.044,0.113,0.011
14.033,0.047,0.113,0.008
14.043,0.048,0.108,0.001
14.052,0.049,0.106,-0.009
14.062,0.050,0.104,-0.019
14.073,0.049,0.104,-0.023
14.083,0.049,0.105,-0.021
14.092,0.051,0.106,-0.017
14.102,0.053,0.108,-0.014
14.113,0.055,0.110,-0.012
14.123,0.056,0.111,-0.011
14.132,0.056,0.104,-0.012
14.142,0.055,0.100,-0.014
14.153,0.054,0.099,-0.015
14.163,0.051,0.095,-0.014
14.172,0.048,0.090,-0.011
14.182,0.044,0.083,-0.009
14.192,0.040,0.079,-0.007
14.203,0.036,0.075,-0.003
14.212,0.034,0.071,0.002
14.222,0.033,0.068,0.001
14.232,0.031,0.062,-0.001
14.243,0.028,0.058,-0.004
14.252,0.025,0.053,-0.005
14.262,0.022,0.050,-0.003
14.272,0.020,0.049,0.002
14.283,0.017,0.053,0.007
14.292,0.014,0.060,0.006
14.302,0.010,0.059,-0.000
14.312,0.007,0.053,-0.009
14.322,0.003,0.044,-0.018
14.332,0.001,0.036,-0.020
14.342,0.001,0.030,-0.019
14.352,0.001,0.026,-0.014
14.362,0.003,0.023,-0.006
14.373,0.006,0.022,0.003
14.382,0.009,0.021,0.012
14.392,0.010,0.017,0.018
14.402,0.012,0.013,0.022
14.413,0.011,0.008,0.022
14.422,0.009,0.004,0.021
14.432,0.007,0.001,0.020
14.442,0.003,0.000,0.021
14.452,-0.000,0.000,0.022
14.462,-0.003,0.001,0.022
14.472,-0.006,0.001,0.020
14.482,-0.009,0.000,0.018
14.492,-0.011,-0.002,0.014
14.502,-0.013,-0.004,0.010
14.512,-0.014,-0.007,0.005
14.522,-0.014,-0.008,0.005
14.532,-0.014,-0.004,0.005
14.542,-0.014,-0.002,0.006
14.552,-0.014,-0.001,0.008
14.562,-0.014,-0.001,0.013
14.572,-0.014,-0.004,0.019
14.582,-0.012,-0.006,0.023
14.592,-0.009,-0.008,0.026
14.602,-0.006,-0.011,0.027
14.612,-0.003,-0.014,0.023
14.621,-0.002,-0.019,0.016
14.632,-0.002,-0.022,0.009
14.642,-0.001,-0.021,0.003
14.652,-0.001,-0.018,-0.003
14.661,0.000,-0.013,-0.010
14.672,0.000,-0.009,-0.017
14.682,0.001,-0.007,-0.023
14.692,0.002,-0.004,-0.029
14.701,0.003,0.000,-0.038
14.712,0.005,0.005,-0.049
14.722,0.006,0.011,-0.060
14.732,0.008,0.016,-0.071
14.741,0.005,0.018,-0.086
14.752,0.003,0.015,-0.104
14.762,-0.000,0.012,-0.119
14.772,-0.001,0.011,-0.127
14.781,-0.004,0.006,-0.133
14.791,-0.009,0.002,-0.147
14.802,-0.009,0.001,-0.177
14.812,-0.008,0.000,-0.209
14.822,-0.006,-0.011,-0.235
14.831,-0.006,-0.027,-0.247
14.842,-0.003,-0.033,-0.248
14.852,0.001,-0.033,-0.236
14.861,0.006,-0.028,-0.212
14.871,0.010,-0.015,-0.182
14.882,0.016,-0.000,-0.149
14.892,0.016,0.010,-0.119
14.902,0.016,0.011,-0.085
14.911,0.015,0.013,-0.050
14.922,0.020,0.014,-0.024
14.932,0.023,0.009,-0.003
14.942,0.024,0.005,0.024
14.951,0.024,0.001,0.048
14.961,0.023,-0.008,0.065
14.972,0.025,-0.016,0.074
14.982,0.028,-0.019,0.080
14.991,0.026,-0.031,0.083
15.001,0.021,-0.030,0.101
15.012,0.010,-0.032,0.114
15.021,-0.001,-0.038,0.120
15.031,-0.007,-0.038,0.124
15.041,-0.009,-0.032,0.126
15.052,-0.015,-0.032,0.130
15.062,-0.023,-0.028,0.141
15.071,-0.027,-0.018,0.146
15.081,-0.026,-0.006,0.147
15.092,-0.027,0.001,0.148
15.102,-0.031,-0.000,0.145
15.111,-0.034,0.004,0.139
15.121,-0.036,0.008,0.130
15.131,-0.037,0.010,0.118
15.142,-0.035,0.013,0.108
15.151,-0.034,0.015,0.105
15.161,-0.033,0.015,0.106
15.171,-0.034,0.013,0.107
15.182,-0.033,0.011,0.105
15.191,-0.032,0.008,0.097
15.201,-0.029,0.003,0.088
15.211,-0.026,-0.001,0.084
15.222,-0.023,-0.000,0.083
15.231,-0.020,0.002,0.082
15.241,-0.017,0.005,0.082
15.251,-0.014,0.008,0.083
15.261,-0.012,0.012,0.087
15.271,-0.011,0.015,0.086
15.281,-0.010,0.015,0.080
15.291,-0.008,0.014,0.072
15.301,-0.006,0.014,0.064
15.312,-0.004,0.011,0.056
15.321,-0.004,0.007,0.049
15.331,-0.004,0.005,0.045
15.341,-0.005,0.004,0.044
15.352,-0.005,0.003,0.043
15.361,-0.006,0.003,0.042
15.371,-0.005,0.002,0.041
15.381,-0.005,0.001,0.038
15.391,-0.004,0.001,0.035
15.401,-0.003,0.001,0.033
15.411,-0.003,0.000,0.031
15.421,-0.003,-0.002,0.029
15.431,-0.003,-0.002,0.026
15.441,-0.001,-0.003,0.020
15.451,0.001,-0.003,0.014
15.461,0.003,-0.005,0.010
15.471,0.004,-0.004,0.009
15.481,0.004,-0.004,0.011
15.491,0.004,-0.001,0.014
15.501,0.004,0.001,0.018
15.511,0.004,0.002,0.018
15.521,0.004,-0.001,0.013
15.531,0.002,-0.004,0.010
15.541,-0.001,-0.006,0.008
15.551,-0.003,-0.004,0.007
15.561,-0.004,-0.004,0.004
15.571,-0.006,-0.004,0.005
15.581,-0.006,-0.003,0.007
15.591,-0.007,-0.001,0.010
15.600,-0.007,0.001,0.011
15.611,-0.007,-0.001,0.010
15.621,-0.007,-0.005,0.009
15.631,-0.007,-0.006,0.010
15.640,-0.007,-0.004,0.014
15.651,-0.007,-0.001,0.020
15.661,-0.006,0.002,0.024
15.671,-0.006,0.005,0.026
15.680,-0.005,0.007,0.026
15.691,-0.005,0.006,0.025
15.701,-0.004,0.005,0.022
15.711,-0.003,0.003,0.019
15.720,-0.003,0.004,0.017
15.730,-0.002,0.004,0.014
15.741,-0.001,0.004,0.014
15.751,-0.000,0.006,0.015
15.760,0.001,0.009,0.017
15.770,0.002,0.013,0.017
15.781,0.006,0.017,0.014
15.791,0.006,0.023,0.015
15.800,0.008,0.029,0.017
15.810,0.010,0.034,0.018
15.821,0.011,0.038,0.021
15.831,0.012,0.045,0.024
15.841,0.014,0.050,0.025
15.850,0.015,0.054,0.026
15.861,0.016,0.060,0.027
15.871,0.017,0.065,0.027
15.881,0.019,0.071,0.023
15.890,0.020,0.076,0.019
15.900,0.022,0.080,0.018
15.911,0.024,0.085,0.020
15.921,0.025,0.090,0.023
15.930,0.027,0.096,0.026
15.940,0.028,0.102,0.027
15.951,0.030,0.105,0.027
15.961,0.032,0.107,0.025
15.970,0.033,0.107,0.022
15.980,0.034,0.105,0.018
15.991,0.034,0.102,0.014
16.001,0.035,0.098,0.011
16.010,0.035,0.096,0.007
16.020,0.035,0.091,0.002
16.031,0.034,0.083,-0.002
16.041,0.031,0.073,-0.003
16.050,0.029,0.061,-0.004
16.060,0.026,0.050,-0.005
16.070,0.024,0.040,-0.005
16.081,0.022,0.028,-0.005
16.090,0.019,0.018,-0.006
16.100,0.018,0.009,-0.005
16.110,0.015,-0.000,-0.007
16.121,0.012,-0.014,-0.012
16.130,0.007,-0.033,-0.018
16.140,-0.001,-0.054,-0.022
16.150,-0.009,-0.071,-0.024
16.161,-0.015,-0.083,-0.021
16.171,-0.020,-0.088,-0.017
16.180,-0.023,-0.092,-0.013
16.190,-0.025,-0.094,-0.004
16.201,-0.027,-0.093,0.006
16.210,-0.029,-0.094,0.011
16.220,-0.031,-0.092,0.017
16.230,-0.034,-0.092,0.021
16.240,-0.034,-0.091,0.019
16.251,-0.035,-0.087,0.016
16.260,-0.037,-0.087,0.012
16.270,-0.039,-0.084,0.014
16.280,-0.042,-0.082,0.017
16.290,-0.044,-0.080,0.019
16.300,-0.045,-0.079,0.020
16.310,-0.046,-0.079,0.018
16.320,-0.045,-0.077,0.015
16.331,-0.043,-0.073,0.012
16.340,-0.041,-0.071,0.012
16.350,-0.038,-0.067,0.014
16.360,-0.036,-0.064,0.016
16.369,-0.034,-0.063,0.019
16.380,-0.033,-0.063,0.019
16.390,-0.033,-0.065,0.015
16.400,-0.033,-0.069,0.010
16.410,-0.032,-0.069,0.008
16.420,-0.032,-0.067,0.010
16.430,-0.031,-0.066,0.012
16.440,-0.030,-0.064,0.012
16.450,-0.028,-0.063,0.012
16.460,-0.027,-0.064,0.013
16.470,-0.026,-0.065,0.014
16.480,-0.025,-0.062,0.016
16.490,-0.025,-0.058,0.019
16.500,-0.025,-0.052,0.021
16.510,-0.025,-0.047,0.023
16.520,-0.025,-0.041,0.022
16.529,-0.023,-0.035,0.017
16.539,-0.021,-0.027,0.012
16.550,-0.021,-0.021,0.010
16.560,-0.019,-0.013,0.008
16.570,-0.019,-0.010,0.007
16.579,-0.018,-0.007,0.008
16.590,-0.018,-0.003,0.012
16.600,-0.018,-0.001,0.017
16.610,-0.017,0.001,0.021
16.619,-0.016,0.002,0.024
16.630,-0.014,0.002,0.024
16.640,-0.012,0.001,0.020
16.650,-0.010,0.002,0.015
16.659,-0.009,0.002,0.011
16.669,-0.008,0.001,0.009
16.680,-0.007,0.003,0.009
16.690,-0.006,0.004,0.010
16.699,-0.003,0.007,0.014
16.709,-0.002,0.009,0.018
16.720,-0.001,0.008,0.019
16.730,-0.000,0.008,0.018
16.739,-0.001,0.006,0.017
16.749,-0.002,0.003,0.017
16.760,-0.003,0.000,0.016
16.770,-0.004,0.000,0.013
16.779,-0.005,0.002,0.014
16.789,-0.006,0.003,0.014
16.800,-0.007,0.005,0.015
16.810,-0.007,0.006,0.019
16.819,-0.007,0.006,0.018
16.829,-0.006,0.005,0.014
16.839,-0.007,0.003,0.014
16.850,-0.007,0.002,0.014
16.859,-0.007,0.001,0.013
16.869,-0.006,0.001,0.010
16.879,-0.004,0.003,0.009
16.890,-0.002,0.006,0.011
16.899,-0.001,0.007,0.012
16.909,0.000,0.009,0.011
16.919,0.000,0.008,0.010
16.930,-0.000,0.005,0.012
16.939,-0.000,0.002,0.011
16.949,0.000,0.000,0.009
16.959,0.002,0.002,0.005
16.970,0.005,0.004,0.001
16.980,0.005,0.006,0.000
16.989,0.005,0.007,0.001
16.999,0.006,0.008,-0.002
17.009,0.007,0.006,-0.007
17.020,0.009,0.002,-0.007
17.029,0.009,-0.003,0.001
17.039,0.011,-0.011,0.013
17.049,0.012,-0.018,0.025
17.060,0.012,-0.026,0.040
17.069,0.012,-0.031,0.063
17.079,0.011,-0.034,0.086
17.089,0.010,-0.036,0.106
17.100,0.006,-0.036,0.125
17.109,0.002,-0.033,0.142
17.119,-0.002,-0.025,0.155
17.129,-0.008,-0.017,0.163
17.140,-0.013,-0.004,0.170
17.150,-0.016,0.011,0.178
17.159,-0.018,0.028,0.186
17.169,-0.021,0.041,0.195
17.179,-0.023,0.051,0.203
17.189,-0.022,0.064,0.210
17.199,-0.022,0.070,0.222
17.209,-0.020,0.071,0.233
17.219,-0.018,0.066,0.234
17.229,-0.016,0.054,0.230
17.239,-0.014,0.038,0.222
17.249,-0.010,0.020,0.206
17.259,-0.006,0.001,0.179
17.269,-0.003,-0.014,0.155
17.279,0.002,-0.026,0.135
17.289,0.008,-0.028,0.125
17.299,0.016,-0.025,0.114
17.308,0.020,-0.026,0.104
17.319,0.025,-0.026,0.084
17.329,0.027,-0.029,0.061
17.339,0.029,-0.035,0.036
17.349,0.034,-0.035,0.009
17.359,0.036,-0.036,-0.023
17.369,0.034,-0.037,-0.051
17.379,0.031,-0.037,-0.068
17.389,0.029,-0.034,-0.075
17.399,0.030,-0.025,-0.087
17.409,0.031,-0.016,-0.102
17.419,0.032,-0.007,-0.114
17.429,0.031,-0.003,-0.118
17.439,0.029,0.002,-0.117
17.449,0.026,0.005,-0.117
17.459,0.023,0.006,-0.117
17.468,0.022,0.009,-0.116
17.478,0.019,0.012,-0.114
17.489,0.015,0.014,-0.110
17.499,0.011,0.013,-0.109
17.509,0.007,0.010,-0.107
17.518,0.003,0.008,-0.107
17.529,-0.002,0.002,-0.107
17.539,-0.008,-0.003,-0.102
17.549,-0.011,-0.005,-0.099
17.558,-0.015,-0.009,-0.094
17.569,-0.018,-0.010,-0.087
17.579,-0.019,-0.011,-0.080
17.589,-0.021,-0.014,-0.077
17.598,-0.021,-0.016,-0.082
17.609,-0.024,-0.018,-0.092
17.619,-0.027,-0.017,-0.095
17.629,-0.029,-0.017,-0.091
17.638,-0.029,-0.015,-0.086
17.648,-0.028,-0.012,-0.081
17.659,-0.028,-0.011,-0.076
17.669,-0.027,-0.009,-0.074
17.678,-0.024,-0.005,-0.073
17.688,-0.021,-0.004,-0.071
17.699,-0.019,-0.003,-0.067
17.709,-0.017,-0.001,-0.060
17.718,-0.015,0.002,-0.052
17.728,-0.012,0.004,-0.045
17.739,-0.009,0.008,-0.041
17.749,-0.010,0.007,-0.041
17.759,-0.011,0.004,-0.040
17.768,-0.012,0.002,-0.037
17.778,-0.012,0.001,-0.031
17.789,-0.011,0.000,-0.025
17.798,-0.010,0.000,-0.021
17.808,-0.009,0.001,-0.018
17.818,-0.009,0.001,-0.015
17.829,-0.009,0.002,-0.015
17.838,-0.010,0.002,-0.014
17.848,-0.009,0.002,-0.013
17.858,-0.008,0.003,-0.009
17.869,-0.006,0.005,-0.000
17.879,-0.004,0.007,0.007
17.888,-0.002,0.009,0.012
17.898,-0.001,0.011,0.015
17.909,-0.000,0.013,0.018
17.919,0.002,0.015,0.022
17.928,0.005,0.017,0.025
17.938,0.006,0.017,0.026
17.948,0.005,0.014,0.025
17.959,0.004,0.012,0.025
17.968,0.002,0.011,0.024
17.978,-0.001,0.012,0.023
17.988,-0.004,0.013,0.019
17.999,-0.007,0.013,0.014
18.008,-0.008,0.012,0.007
18.018,-0.008,0.009,0.003
18.028,-0.009,0.004,-0.001
18.039,-0.008,0.000,-0.002
18.048,-0.007,-0.003,-0.002
18.058,-0.006,-0.007,-0.003
18.068,-0.004,-0.009,-0.002
18.079,-0.002,-0.010,0.002
18.088,-0.000,-0.011,0.003
18.098,0.001,-0.010,0.001
18.108,0.003,-0.008,-0.001
18.118,0.003,-0.007,-0.002
18.128,0.002,-0.007,-0.002
18.138,0.001,-0.003,-0.004
18.148,-0.000,-0.001,-0.005
18.158,-0.001,0.002,-0.003
18.168,-0.002,0.004,0.001
18.178,-0.003,0.004,0.004
18.188,-0.004,0.002,0.008
18.198,-0.005,0.001,0.011
18.208,-0.006,-0.003,0.014
18.218,-0.009,-0.009,0.015
18.228,-0.013,-0.016,0.015
18.238,-0.018,-0.026,0.014
18.249,-0.024,-0.038,0.011
18.258,-0.031,-0.055,0.012
18.268,-0.038,-0.072,0.016
18.278,-0.043,-0.087,0.021
18.287,-0.046,-0.102,0.028
18.298,-0.048,-0.117,0.032
18.308,-0.052,-0.132,0.029
18.318,-0.060,-0.148,0.024
18.327,-0.069,-0.161,0.018
18.338,-0.080,-0.175,0.007
18.348,-0.090,-0.186,-0.002
18.358,-0.099,-0.195,-0.008
18.368,-0.104,-0.201,-0.010
18.378,-0.107,-0.207,-0.010
18.388,-0.107,-0.212,-0.005
18.398,-0.103,-0.210,0.000
18.408,-0.094,-0.200,0.007
18.417,-0.079,-0.176,0.016
18.428,-0.065,-0.151,0.023
18.438,-0.055,-0.127,0.027
18.448,-0.043,-0.099,0.028
18.457,-0.031,-0.075,0.027
18.468,-0.019,-0.051,0.027
18.478,-0.003,-0.022,0.031
18.488,0.012,0.008,0.037
18.497,0.026,0.034,0.043
18.508,0.041,0.056,0.044
18.518,0.051,0.073,0.045
18.528,0.059,0.087,0.049
18.537,0.066,0.099,0.053
18.548,0.070,0.109,0.051
18.558,0.070,0.112,0.045
18.568,0.070,0.113,0.038
18.578,0.069,0.114,0.034
18.587,0.069,0.118,0.029
18.598,0.067,0.120,0.025
18.617,0.069,0.129,0.019
18.627,0.069,0.132,0.018
18.638,0.071,0.136,0.018
18.648,0.072,0.140,0.015
18.658,0.074,0.142,0.010
18.667,0.074,0.145,0.004
18.678,0.074,0.146,-0.001
18.688,0.073,0.147,-0.007
18.697,0.071,0.149,-0.013
18.707,0.068,0.152,-0.020
18.717,0.065,0.153,-0.023
18.728,0.062,0.153,-0.024
18.738,0.058,0.148,-0.026
18.747,0.056,0.138,-0.026
18.757,0.052,0.126,-0.023
18.768,0.050,0.114,-0.017
18.777,0.047,0.103,-0.009
18.787,0.045,0.094,-0.002
18.797,0.042,0.084,0.002
18.808,0.037,0.075,0.004
18.817,0.032,0.065,0.008
18.827,0.028,0.055,0.012
18.837,0.024,0.047,0.017
18.848,0.022,0.039,0.023
18.857,0.018,0.034,0.028
18.867,0.014,0.032,0.030
18.877,0.010,0.029,0.031
18.887,0.006,0.026,0.028
18.897,0.003,0.022,0.024
18.907,-0.000,0.018,0.021
18.917,-0.002,0.014,0.019
18.927,-0.003,0.011,0.018
18.938,-0.003,0.008,0.016
18.947,-0.001,0.005,0.015
18.957,-0.000,0.002,0.017
18.967,0.002,-0.000,0.015
18.978,0.003,-0.002,0.013
18.987,0.004,-0.002,0.012
18.997,0.004,-0.001,0.010
19.007,0.004,-0.001,0.008
19.018,0.005,-0.002,0.006
19.028,0.006,-0.003,0.006
19.037,0.006,-0.002,0.006
19.047,0.005,-0.004,0.005
19.057,0.004,-0.006,0.002
19.067,0.003,-0.006,0.000
19.077,0.002,-0.009,-0.000
19.087,0.002,-0.010,0.000
19.097,0.002,-0.010,0.001
19.107,0.002,-0.010,0.002
19.117,0.002,-0.008,0.003
19.127,0.002,-0.006,0.004
19.137,0.001,-0.004,0.004
19.147,0.001,-0.004,0.004
19.157,0.000,-0.005,0.004
19.167,0.000,-0.005,0.003
19.177,0.000,-0.003,0.003
19.186,0.000,0.000,0.003
19.197,-0.000,0.005,0.003
19.207,-0.000,0.008,0.002
19.217,-0.001,0.010,-0.001
19.227,-0.001,0.009,-0.006
19.237,-0.001,0.008,-0.010
19.247,0.000,0.006,-0.015
19.257,0.002,0.004,-0.019
19.267,0.006,0.003,-0.025
19.277,0.009,0.003,-0.031
19.287,0.014,0.001,-0.037
19.297,0.017,0.001,-0.044
19.307,0.019,0.003,-0.053
19.317,0.019,0.003,-0.066
19.327,0.017,0.003,-0.081
19.337,0.013,0.004,-0.093
19.346,0.008,0.006,-0.109
19.356,0.002,0.005,-0.125
19.367,-0.004,0.002,-0.140
19.377,-0.009,-0.003,-0.149
19.387,-0.015,-0.006,-0.160
19.396,-0.019,-0.011,-0.175
19.407,-0.022,-0.018,-0.185
19.417,-0.023,-0.023,-0.191
19.427,-0.022,-0.027,-0.195
19.436,-0.021,-0.028,-0.192
19.447,-0.018,-0.029,-0.187
19.457,-0.014,-0.033,-0.182
19.467,-0.010,-0.036,-0.172
19.476,-0.007,-0.034,-0.158
19.487,-0.002,-0.034,-0.141
19.497,0.005,-0.030,-0.121
19.507,0.013,-0.020,-0.101
19.516,0.018,-0.019,-0.075
19.526,0.023,-0.015,-0.054
19.537,0.027,-0.010,-0.041
19.547,0.025,-0.019,-0.022
19.556,0.022,-0.025,0.003
19.566,0.021,-0.023,0.029
19.577,0.022,-0.015,0.056
19.587,0.021,-0.005,0.082
19.596,0.021,0.011,0.105
19.606,0.019,0.022,0.124
19.617,0.011,0.021,0.146
19.627,0.003,0.021,0.160
19.636,-0.005,0.020,0.167
19.646,-0.014,0.015,0.172
19.657,-0.023,0.016,0.177
19.667,-0.028,0.020,0.184
19.677,-0.033,0.023,0.193
19.686,-0.035,0.024,0.198
19.696,-0.038,0.021,0.200
19.707,-0.040,0.020,0.198
19.716,-0.039,0.019,0.192
19.726,-0.038,0.019,0.185
19.736,-0.037,0.020,0.175
19.747,-0.035,0.017,0.164
19.757,-0.034,0.015,0.154
19.766,-0.033,0.013,0.141
19.776,-0.032,0.011,0.126
19.787,-0.030,0.006,0.110
19.797,-0.028,0.000,0.093
19.806,-0.026,-0.003,0.080
19.816,-0.024,-0.002,0.074
19.826,-0.021,-0.000,0.071
19.836,-0.019,0.001,0.070
19.846,-0.016,0.001,0.065
19.856,-0.013,0.001,0.058
19.866,-0.011,-0.001,0.052
19.877,-0.008,-0.003,0.045
19.886,-0.005,-0.005,0.039
19.896,-0.003,-0.005,0.038
19.906,-0.001,-0.006,0.038
19.917,0.001,-0.005,0.038
19.926,0.002,-0.005,0.037
19.936,0.004,-0.007,0.034
19.946,0.005,-0.007,0.027
19.957,0.005,-0.009,0.019
19.966,0.005,-0.010,0.014
19.976,0.005,-0.009,0.011
19.986,0.005,-0.005,0.012
19.996,0.004,-0.000,0.017
20.006,0.004,0.002,0.019
20.016,0.005,0.006,0.017
20.026,0.005,0.006,0.014
20.036,0.004,0.005,0.011
20.046,0.004,0.003,0.010
20.056,0.003,0.000,0.010
20.066,0.003,-0.002,0.010
20.076,0.002,-0.003,0.011
20.086,0.001,-0.003,0.013
20.096,0.001,-0.000,0.016
20.106,0.001,0.004,0.015
20.116,0.002,0.006,0.012
20.125,0.001,0.006,0.008
20.136,0.000,0.006,0.006
20.146,-0.001,0.005,0.006
20.156,-0.002,0.001,0.006
20.165,-0.004,-0.004,0.007
20.176,-0.005,-0.007,0.008
20.186,-0.006,-0.008,0.009
20.196,-0.007,-0.006,0.009
20.205,-0.007,-0.006,0.009
20.216,-0.008,-0.006,0.008
20.226,-0.009,-0.005,0.007
20.236,-0.011,-0.006,0.007
20.246,-0.012,-0.008,0.006
20.256,-0.013,-0.010,0.004
20.266,-0.014,-0.010,0.005
20.276,-0.014,-0.007,0.008
20.286,-0.013,-0.001,0.011
20.295,-0.012,0.005,0.012
20.306,-0.011,0.011,0.011
20.316,-0.010,0.016,0.007
20.326,-0.010,0.016,0.003
20.335,-0.009,0.015,-0.001
20.346,-0.008,0.013,-0.002
20.356,-0.006,0.011,0.000
20.365,-0.004,0.013,0.008
20.375,-0.001,0.022,0.020
20.386,0.003,0.038,0.033
20.406,0.013,0.077,0.054
20.415,0.017,0.091,0.059
20.426,0.021,0.098,0.057
20.436,0.023,0.097,0.049
20.446,0.025,0.088,0.041
20.455,0.026,0.078,0.033
20.465,0.028,0.072,0.028
20.476,0.031,0.070,0.026
20.486,0.034,0.073,0.029
20.495,0.038,0.081,0.033
20.505,0.042,0.096,0.039
20.516,0.047,0.110,0.045
20.526,0.052,0.125,0.047
20.535,0.056,0.136,0.044
20.545,0.058,0.144,0.036
20.556,0.060,0.149,0.025
20.566,0.061,0.153,0.015
20.575,0.060,0.155,0.007
20.585,0.059,0.152,0.000
20.596,0.057,0.149,-0.009
20.606,0.054,0.142,-0.017
20.615,0.051,0.135,-0.023
20.625,0.049,0.129,-0.028
20.635,0.046,0.123,-0.031
20.646,0.044,0.115,-0.034
20.655,0.042,0.104,-0.037
20.665,0.037,0.088,-0.036
20.675,0.031,0.072,-0.030
20.686,0.026,0.052,-0.023
20.695,0.021,0.029,-0.016
20.705,0.015,0.007,-0.006
20.715,0.009,-0.017,0.001
20.726,0.001,-0.041,0.005
20.736,-0.007,-0.064,0.011
20.745,-0.014,-0.082,0.016
20.755,-0.021,-0.100,0.020
20.765,-0.030,-0.117,0.022
20.775,-0.039,-0.135,0.017
20.785,-0.047,-0.154,0.010
20.795,-0.056,-0.172,0.002
20.805,-0.060,-0.186,-0.005
20.816,-0.062,-0.193,-0.009
20.825,-0.064,-0.195,-0.005
20.835,-0.065,-0.193,0.003
20.845,-0.066,-0.190,0.011
20.856,-0.068,-0.189,0.019
20.865,-0.068,-0.185,0.025
20.875,-0.066,-0.179,0.027
20.885,-0.065,-0.170,0.030
20.895,-0.063,-0.160,0.031
20.905,-0.061,-0.150,0.029
20.915,-0.059,-0.141,0.023
20.925,-0.057,-0.133,0.019
20.935,-0.056,-0.123,0.013
20.945,-0.054,-0.113,0.011
20.955,-0.052,-0.103,0.009
20.965,-0.050,-0.095,0.010
20.975,-0.047,-0.086,0.013
20.985,-0.044,-0.079,0.016
20.995,-0.042,-0.074,0.018
21.005,-0.042,-0.070,0.017
21.015,-0.041,-0.070,0.012
21.025,-0.041,-0.071,0.008
21.035,-0.041,-0.071,0.006
21.045,-0.040,-0.069,0.006
21.055,-0.039,-0.066,0.008
21.065,-0.036,-0.061,0.015
21.075,-0.033,-0.056,0.023
21.085,-0.029,-0.051,0.031
21.095,-0.023,-0.045,0.036
21.104,-0.018,-0.039,0.035
21.115,-0.016,-0.034,0.032
21.125,-0.013,-0.030,0.028
21.135,-0.011,-0.025,0.024
21.144,-0.010,-0.020,0.021
21.155,-0.007,-0.014,0.021
21.165,-0.005,-0.007,0.025
21.175,-0.002,0.000,0.028
21.184,-0.001,0.005,0.029
21.195,0.001,0.009,0.029
21.205,0.002,0.011,0.028
21.215,0.002,0.011,0.027
21.225,0.001,0.011,0.026
21.234,-0.000,0.008,0.026
21.245,-0.002,0.006,0.028
21.255,-0.003,0.005,0.030
21.265,-0.002,0.006,0.029
21.274,-0.001,0.007,0.029
21.285,0.001,0.008,0.028
21.295,0.001,0.008,0.023
21.305,0.001,0.007,0.016
21.314,0.002,0.006,0.011
21.325,0.002,0.006,0.005
21.335,0.002,0.005,0.001
21.345,0.002,0.007,0.000
21.354,0.003,0.008,0.002
21.365,0.003,0.009,0.001
21.375,0.003,0.007,0.002
21.385,0.002,0.006,0.001
21.394,0.003,0.006,-0.000
21.404,0.004,0.005,-0.003
21.415,0.004,0.004,-0.007
21.425,0.003,0.001,-0.012
21.434,0.002,0.001,-0.014
21.444,0.001,-0.000,-0.016
21.455,0.002,0.001,-0.015
21.465,0.003,0.005,-0.013
21.474,0.004,0.008,-0.012
21.484,0.006,0.010,-0.011
21.495,0.007,0.010,-0.012
21.505,0.006,0.007,-0.014
21.515,0.005,0.005,-0.018
21.524,0.003,0.004,-0.022
21.535,0.000,0.002,-0.022
21.545,-0.001,0.003,-0.019
21.554,-0.003,0.004,-0.016
21.564,-0.003,0.004,-0.012
21.574,-0.004,0.006,-0.009
21.585,-0.004,0.007,-0.006
21.594,-0.005,0.008,-0.005
21.604,-0.006,0.009,-0.006
21.614,-0.006,0.007,-0.008
21.625,-0.006,0.005,-0.009
21.634,-0.007,0.003,-0.009
21.644,-0.008,0.002,-0.008
21.654,-0.009,0.003,-0.004
21.665,-0.009,0.004,-0.001
21.674,-0.011,0.003,0.000
21.684,-0.012,0.001,-0.000
21.694,-0.011,-0.000,-0.000
21.705,-0.011,-0.001,0.002
21.714,-0.010,0.001,0.008
21.724,-0.009,0.006,0.014
21.734,-0.008,0.011,0.017
21.744,-0.008,0.012,0.018
21.755,-0.008,0.012,0.015
21.764,-0.009,0.013,0.015
21.774,-0.009,0.014,0.014
21.784,-0.009,0.012,0.011
21.795,-0.008,0.011,0.006
21.804,-0.007,0.010,0.002
21.814,-0.004,0.010,-0.001
21.824,-0.002,0.011,-0.002
21.834,-0.001,0.010,-0.003
21.844,-0.001,0.006,-0.002
21.854,-0.001,0.003,-0.000
21.864,-0.001,-0.003,0.000
21.874,-0.001,-0.007,-0.001
21.884,0.000,-0.006,-0.001
21.894,0.003,-0.001,0.001
21.904,0.006,0.003,0.002
21.914,0.012,0.011,0.005
21.924,0.012,0.020,0.021
21.934,-0.007,-0.005,0.095
21.944,0.023,-0.013,0.085
21.954,0.016,-0.034,0.073
21.964,0.020,-0.034,0.059
21.974,0.011,-0.025,0.047
21.984,0.001,-0.016,0.038
21.994,-0.004,-0.010,0.031
22.005,-0.004,-0.006,0.027
22.014,-0.005,0.000,0.023
22.024,-0.006,0.010,0.020
22.034,-0.006,0.006,0.019
22.044,-0.008,0.005,0.018
22.054,-0.004,-0.002,0.017
22.064,-0.003,-0.002,0.016
22.074,-0.001,-0.006,0.017
22.084,-0.001,-0.005,0.017
22.094,-0.001,-0.004,0.016
22.104,-0.001,-0.003,0.017
22.114,-0.002,-0.002,0.017
22.124,-0.002,-0.000,0.017
22.134,-0.003,0.001,0.017
22.144,-0.003,0.002,0.017
22.154,-0.003,0.002,0.017
22.164,-0.003,0.001,0.017
22.173,-0.003,0.001,0.017
22.184,-0.003,0.001,0.017
22.194,-0.003,0.001,0.018
22.204,-0.003,0.001,0.018
22.213,-0.003,0.002,0.018
22.224,-0.003,0.002,0.018
22.234,-0.003,0.001,0.018
22.244,-0.002,0.001,0.018
22.253,-0.003,0.001,0.017
22.264,-0.003,0.001,0.017
22.274,-0.003,0.001,0.018
22.284,-0.003,0.001,0.018
22.293,-0.003,0.001,0.018
22.304,-0.003,0.001,0.019
22.314,-0.003,0.000,0.018
22.324,-0.003,0.000,0.018
22.333,-0.003,0.001,0.019
22.343,-0.002,0.001,0.019
22.354,-0.002,0.001,0.019
22.364,-0.002,0.000,0.019
22.373,-0.003,-0.000,0.019
22.383,-0.003,-0.000,0.020
22.394,-0.003,-0.000,0.019
22.404,-0.003,0.000,0.020
22.413,-0.002,0.000,0.020
22.423,-0.002,0.000,0.019
22.434,-0.002,0.000,0.019
22.444,-0.002,-0.000,0.020
22.453,-0.003,-0.000,0.020
22.463,-0.003,-0.000,0.020
22.474,-0.003,0.000,0.019
22.484,-0.002,0.000,0.019
22.493,-0.002,0.000,0.019
22.503,-0.001,0.000,0.020
22.513,-0.002,0.000,0.020
22.524,-0.002,-0.000,0.020
22.534,-0.002,-0.000,0.021
22.543,-0.002,0.000,0.020
22.553,-0.002,0.000,0.021
22.564,-0.001,0.000,0.021
22.574,-0.001,0.000,0.021
22.583,-0.002,0.000,0.021
22.593,-0.002,0.000,0.021
22.604,-0.002,0.000,0.021
22.614,-0.001,0.000,0.021
22.623,-0.002,0.000,0.021
22.633,-0.001,0.000,0.021
22.644,-0.001,0.000,0.020
22.654,-0.002,0.000,0.020
22.663,-0.001,0.000,0.020
22.673,-0.002,0.000,0.020
22.683,-0.002,0.000,0.020
22.694,-0.002,0.000,0.021
22.703,-0.002,0.000,0.021
22.713,-0.002,0.000,0.021
22.723,-0.002,0.000,0.021
22.734,-0.001,0.000,0.020
22.743,-0.001,0.000,0.020
22.753,-0.001,0.001,0.020
22.763,-0.001,0.001,0.020
22.774,-0.001,0.001,0.020
22.783,-0.001,0.000,0.020
22.793,-0.001,0.000,0.020
22.803,-0.001,0.000,0.020
22.813,-0.001,0.000,0.020
22.823,-0.001,0.000,0.021
22.833,-0.001,0.001,0.021
22.843,-0.001,0.001,0.021
22.853,-0.001,0.001,0.021
22.863,-0.001,0.000,0.021
22.873,-0.001,0.000,0.021
22.883,-0.001,0.000,0.021
22.893,-0.001,0.001,0.020
22.903,-0.001,0.001,0.021
22.913,-0.001,0.001,0.020
22.923,-0.001,0.000,0.020
22.933,-0.001,0.000,0.020
22.943,-0.000,0.000,0.020
22.953,-0.001,0.001,0.020
22.963,-0.001,0.001,0.021
22.973,-0.001,0.000,0.021
22.983,-0.001,0.000,0.021
22.993,-0.001,0.000,0.021
23.003,-0.001,0.000,0.021
23.013,-0.001,0.000,0.021
23.023,-0.001,0.000,0.021
23.033,-0.001,0.000,0.021
23.043,-0.001,0.000,0.021
23.053,-0.001,0.000,0.020
23.062,-0.001,0.000,0.020
23.073,-0.000,0.000,0.020
23.083,-0.000,0.000,0.020
23.093,-0.000,0.000,0.020
23.103,-0.000,0.000,0.020
23.113,-0.000,0.000,0.020
23.123,-0.000,0.001,0.020
23.133,0.000,0.000,0.020
23.142,-0.000,0.000,0.020
23.152,-0.000,0.000,0.020
23.163,-0.000,0.000,0.021
23.173,-0.000,0.001,0.021
23.183,-0.000,0.000,0.021
23.192,0.000,0.000,0.021
23.203,0.000,0.000,0.021
23.213,0.000,0.000,0.020
23.223,0.000,0.001,0.020
23.232,0.000,0.001,0.020
23.243,0.000,0.001,0.020
23.253,0.000,0.001,0.020
23.263,0.000,0.000,0.020
23.272,0.000,0.000,0.020
23.282,0.000,0.000,0.020
23.293,0.000,0.000,0.021
23.303,0.000,0.000,0.020
23.312,0.000,0.000,0.020
23.322,0.000,0.000,0.020
23.333,0.000,0.000,0.020
23.343,0.000,0.000,0.020
23.352,0.000,0.000,0.020
23.362,0.000,0.000,0.020
23.373,0.000,0.000,0.020
23.383,0.000,0.000,0.020
23.392,0.000,0.000,0.020
23.402,0.000,0.000,0.020
23.413,0.000,0.000,0.020
23.423,0.000,0.000,0.020
23.432,0.001,0.000,0.020
23.442,0.001,0.000,0.021
23.452,0.000,0.000,0.021
23.463,0.000,0.000,0.020
23.472,0.000,-0.000,0.020
23.482,0.000,0.000,0.020
23.492,0.000,0.000,0.020
23.503,0.000,0.000,0.020
23.513,0.000,0.000,0.021
23.522,0.001,0.000,0.020
23.532,0.001,0.000,0.020
23.543,0.001,0.000,0.020
23.553,0.000,0.000,0.020
23.562,0.000,0.000,0.020
23.572,0.000,0.000,0.020
23.583,0.000,0.000,0.020
23.593,0.001,0.000,0.020
23.602,0.001,0.000,0.020
23.612,0.001,0.000,0.020
23.622,0.000,0.000,0.020
23.633,0.000,0.000,0.020
23.642,0.000,0.001,0.020
23.652,0.000,0.001,0.020
23.662,0.000,0.000,0.020
23.673,0.001,0.000,0.020
23.682,0.001,0.000,0.020
23.692,0.001,0.001,0.020
23.702,0.000,0.001,0.020
23.713,0.000,0.001,0.020
23.722,0.000,0.001,0.020
23.732,0.001,0.001,0.020
23.742,0.001,0.001,0.020
23.753,0.001,0.001,0.021
23.762,0.001,0.000,0.021
23.772,0.001,0.001,0.020
23.782,0.001,0.000,0.020
23.792,0.001,0.001,0.020
23.802,0.001,0.001,0.020
23.812,0.001,0.001,0.019
23.822,0.000,0.001,0.019
23.832,0.001,0.000,0.020
23.842,0.001,0.000,0.020
23.852,0.001,0.000,0.020
23.862,0.000,0.001,0.019
23.872,0.001,0.001,0.020
23.882,0.001,0.001,0.020
23.892,0.001,0.001,0.020
23.902,0.001,0.001,0.020
23.912,0.001,0.001,0.020
23.921,0.001,0.000,0.020
23.932,0.001,0.001,0.020
23.942,0.001,0.001,0.019
23.952,0.001,0.001,0.019
23.961,0.001,0.001,0.019
23.972,0.001,0.001,0.019
23.982,0.001,0.001,0.020
23.992,0.001,0.000,0.020
24.002,0.001,0.000,0.020
24.012,0.001,0.001,0.020
24.022,0.001,0.001,0.020
24.032,0.002,0.001,0.020
24.042,0.001,0.001,0.020
24.052,0.001,0.000,0.020
24.062,0.001,0.001,0.020
24.072,0.001,0.001,0.020
24.082,0.001,0.001,0.020
24.091,0.001,0.000,0.020
24.102,0.001,0.001,0.020
24.112,0.001,0.001,0.020
24.122,0.001,0.001,0.020
24.131,0.001,0.001,0.020
24.142,0.001,0.001,0.020
24.152,0.001,0.001,0.020
24.162,0.001,0.001,0.020
24.171,0.001,0.001,0.020
24.182,0.001,0.001,0.020
24.192,0.001,0.001,0.019
24.202,0.001,0.001,0.019
24.211,0.001,0.001,0.018
24.221,0.002,0.001,0.019
24.232,0.002,0.001,0.019
24.242,0.002,0.001,0.019
24.251,0.001,0.001,0.019
24.261,0.001,0.001,0.019
24.272,0.001,0.001,0.019
24.282,0.001,0.000,0.019
24.291,0.001,0.000,0.020
24.301,0.001,0.000,0.020
24.312,0.001,0.000,0.020
24.322,0.001,0.000,0.020
24.331,0.001,0.000,0.020
24.341,0.001,0.000,0.020
24.352,0.001,0.000,0.019
24.362,0.001,0.000,0.019
24.371,0.001,0.000,0.019
24.381,0.001,0.000,0.019
24.391,0.001,0.000,0.019
24.402,0.001,0.001,0.019
24.411,0.001,0.000,0.019
24.421,0.001,0.001,0.019
24.431,0.001,0.001,0.019
24.442,0.001,0.001,0.019
24.451,0.001,0.001,0.019
24.461,0.001,0.001,0.019
24.471,0.001,0.001,0.019
24.482,0.002,0.001,0.019
24.492,0.002,0.001,0.018
24.501,0.002,0.000,0.019
24.511,0.001,0.001,0.019
24.522,0.001,0.001,0.018
24.532,0.001,0.001,0.018
24.541,0.001,0.001,0.018
24.551,0.002,0.000,0.019
24.561,0.002,0.000,0.019
24.572,0.002,0.000,0.019
24.581,0.002,0.001,0.020
24.591,0.001,0.001,0.020
24.601,0.001,0.001,0.019
24.612,0.001,0.001,0.019
24.621,0.001,0.001,0.019
24.631,0.001,0.001,0.019
24.641,0.002,0.001,0.019
24.652,0.002,0.001,0.019
24.661,0.001,0.001,0.019
24.671,0.002,0.001,0.019
24.681,0.001,0.001,0.019
24.692,0.002,0.001,0.020
24.701,0.002,0.000,0.019
24.711,0.002,0.000,0.020
24.721,0.002,0.001,0.019
24.731,0.002,0.001,0.019
24.741,0.002,0.001,0.019
24.751,0.002,0.001,0.019
24.761,0.001,0.001,0.019
24.771,0.002,0.001,0.019
24.781,0.002,0.001,0.020
24.791,0.001,0.001,0.020
24.801,0.001,0.001,0.020
24.811,0.001,0.000,0.020
24.821,0.002,0.000,0.020
24.831,0.002,0.000,0.020
24.841,0.002,0.000,0.020
24.851,0.002,0.001,0.019
24.860,0.002,0.001,0.020
24.871,0.002,0.000,0.020
24.881,0.002,0.000,0.020
24.891,0.002,0.000,0.020
24.900,0.002,0.000,0.020
24.911,0.002,0.000,0.020
24.921,0.002,0.000,0.019
24.931,0.002,0.001,0.019
24.940,0.002,0.001,0.020
24.951,0.002,0.001,0.020
24.961,0.002,0.000,0.019
24.971,0.002,0.000,0.019
24.981,0.001,0.000,0.019
24.991,0.001,0.001,0.019
25.001,0.001,0.001,0.019
25.011,0.002,0.001,0.019
25.021,0.002,0.000,0.019
25.030,0.002,0.000,0.019
25.041,0.002,0.000,0.019
25.051,0.002,0.000,0.019
25.061,0.002,0.001,0.019
25.070,0.001,0.000,0.019
25.081,0.002,0.000,0.019
25.091,0.002,0.000,0.019
25.101,0.002,0.000,0.019
25.110,0.002,0.000,0.019
25.121,0.002,0.001,0.019
25.131,0.002,0.001,0.019
25.141,0.001,0.001,0.019
25.150,0.001,0.001,0.019
25.161,0.001,0.001,0.019
25.171,0.002,0.001,0.020
25.181,0.002,0.000,0.020
25.190,0.001,0.000,0.020
25.200,0.001,0.000,0.020
25.211,0.001,0.000,0.020
25.221,0.001,0.000,0.020
25.230,0.001,0.000,0.019
25.240,0.001,0.000,0.019
25.251,0.002,0.000,0.019
25.261,0.002,0.000,0.019
25.270,0.002,0.000,0.019
25.280,0.002,0.000,0.019
25.291,0.002,0.001,0.019
25.301,0.002,0.000,0.019
25.310,0.002,0.000,0.019
25.320,0.002,0.001,0.019
25.330,0.002,0.001,0.020
25.341,0.002,0.001,0.020
25.350,0.002,0.001,0.020
25.360,0.002,0.001,0.020
25.370,0.002,0.001,0.019
25.381,0.002,0.001,0.019
25.390,0.002,0.001,0.020
25.400,0.002,0.001,0.020
25.410,0.002,0.000,0.020
25.421,0.002,0.000,0.020
25.430,0.002,0.000,0.019
25.440,0.002,0.000,0.019
25.450,0.002,0.000,0.019
25.461,0.001,0.000,0.019
25.471,0.001,0.000,0.019
25.480,0.001,0.000,0.019
25.490,0.001,0.000,0.020
25.500,0.001,0.000,0.020
25.511,0.002,0.000,0.019
25.520,0.002,0.001,0.020
25.530,0.002,0.001,0.020
25.540,0.002,0.001,0.021
25.551,0.002,0.001,0.020
25.560,0.002,0.000,0.020
25.570,0.002,-0.000,0.020
25.580,0.002,-0.000,0.020
25.591,0.002,-0.000,0.020
25.600,0.002,-0.000,0.020
25.610,0.002,-0.000,0.020
25.620,0.002,-0.000,0.020
25.631,0.002,0.000,0.021
25.640,0.002,0.000,0.020
25.650,0.002,0.000,0.020
25.660,0.002,0.000,0.020
25.670,0.002,0.000,0.020
25.680,0.002,0.000,0.020
25.690,0.002,0.000,0.020
25.700,0.002,0.000,0.020
25.710,0.002,0.000,0.020
25.720,0.002,0.000,0.020
25.730,0.002,0.000,0.020
25.740,0.002,0.001,0.020
25.750,0.002,0.000,0.020
25.760,0.002,0.000,0.019
25.770,0.002,0.000,0.019
25.780,0.002,0.000,0.019
25.790,0.002,0.000,0.019
25.799,0.002,0.000,0.020
25.810,0.001,0.000,0.020
25.820,0.001,0.000,0.020
25.830,0.001,0.000,0.019
25.839,0.002,0.000,0.020
25.850,0.002,0.000,0.019
25.860,0.002,0.000,0.020
25.870,0.002,0.000,0.019
25.879,0.002,0.001,0.019
25.890,0.002,0.001,0.019
25.900,0.002,0.001,0.019
25.910,0.002,0.001,0.019
25.919,0.002,0.001,0.019
25.930,0.002,0.001,0.019
25.940,0.002,0.001,0.019
25.950,0.002,0.001,0.020
25.960,0.002,0.001,0.020
25.969,0.003,0.001,0.020
25.980,0.002,0.000,0.020
25.990,0.002,0.000,0.020
26.000,0.002,0.000,0.019
26.009,0.002,0.000,0.019
26.020,0.002,0.000,0.019
26.030,0.002,0.001,0.020
26.040,0.002,0.001,0.020
26.049,0.002,0.000,0.020
26.060,0.002,0.000,0.020
26.070,0.002,0.000,0.020
26.080,0.002,0.000,0.020
26.089,0.002,0.000,0.020
26.100,0.002,0.000,0.020
26.110,0.001,0.000,0.020
26.120,0.001,0.000,0.020
26.129,0.002,0.000,0.020
26.139,0.001,0.000,0.020
26.150,0.002,0.000,0.020
26.160,0.002,0.000,0.020
26.169,0.002,0.001,0.020
26.179,0.002,0.000,0.020
26.190,0.002,0.000,0.020
26.200,0.002,0.000,0.020
26.209,0.002,0.001,0.020
26.219,0.002,0.001,0.020
26.230,0.002,0.001,0.019
26.240,0.002,0.001,0.019
26.249,0.002,0.001,0.020
26.259,0.002,0.000,0.020
26.269,0.002,0.000,0.019
26.280,0.001,0.000,0.019
26.289,0.001,0.000,0.020
26.299,0.001,0.001,0.019
26.309,0.001,0.001,0.019
26.320,0.001,0.001,0.019
26.329,0.002,0.000,0.019
26.339,0.002,0.000,0.019
26.349,0.002,0.000,0.019
26.360,0.001,0.001,0.020
26.369,0.002,0.001,0.020
26.379,0.002,0.001,0.019
26.389,0.002,0.001,0.019
26.400,0.002,0.000,0.019
26.409,0.002,0.000,0.019
26.419,0.002,0.000,0.019
26.429,0.002,0.001,0.019
26.439,0.002,0.001,0.020
26.450,0.002,0.001,0.020
26.459,0.002,0.001,0.020
26.469,0.002,0.001,0.020
26.479,0.002,0.000,0.020
26.490,0.002,0.000,0.021
26.499,0.002,0.001,0.021
26.509,0.002,0.001,0.020
26.519,0.002,0.001,0.020
26.530,0.002,0.001,0.020
26.539,0.002,0.001,0.021
26.549,0.002,0.000,0.021
26.559,0.002,0.000,0.020
26.570,0.002,0.000,0.020
26.579,0.002,0.000,0.020
26.589,0.001,0.000,0.020
26.599,0.002,0.000,0.019
26.609,0.002,0.001,0.019
26.619,0.002,0.001,0.019
26.629,0.002,0.001,0.019
26.649,0.002,0.001,0.019
26.659,0.002,0.001,0.019
26.669,0.002,0.000,0.019
26.679,0.002,0.000,0.019
26.689,0.002,0.001,0.019
26.699,0.002,0.001,0.019
26.709,0.002,0.001,0.020
26.719,0.002,0.001,0.020
26.729,0.002,0.001,0.019
26.738,0.002,0.000,0.020
26.749,0.002,0.000,0.020
26.759,0.002,0.000,0.020
26.769,0.002,0.000,0.020
26.778,0.002,0.000,0.020
26.789,0.002,0.000,0.020
26.799,0.001,0.001,0.020
26.809,0.001,0.000,0.020
26.818,0.002,0.000,0.020
26.829,0.002,0.000,0.020
26.839,0.002,0.000,0.020
26.849,0.002,0.000,0.020
26.858,0.002,0.000,0.020
26.869,0.002,0.000,0.019
26.879,0.002,0.000,0.019
26.889,0.002,0.000,0.019
26.898,0.002,0.001,0.019
26.908,0.002,0.001,0.019
26.919,0.002,0.000,0.019
