20.005,0.001,-0.000,0.000
20.015,0.001,-0.000,0.000
20.025,0.001,-0.000,0.001
20.035,0.001,-0.000,0.000
20.046,0.001,-0.000,0.001
20.055,0.000,-0.000,0.000
20.065,0.001,0.000,0.000
20.075,0.001,0.000,0.000
20.086,0.001,0.000,0.000
20.095,0.001,0.000,0.000
20.105,0.001,-0.000,0.000
20.115,0.001,0.000,0.001
20.125,0.000,0.000,0.001
20.135,0.000,0.001,0.001
20.145,0.000,0.000,0.001
20.155,0.001,0.001,0.001
20.164,0.000,0.001,0.000
20.175,0.001,0.001,-0.000
20.185,0.001,0.000,0.000
20.195,0.001,0.000,0.001
20.205,0.001,0.000,0.001
20.215,0.001,0.000,-0.000
20.225,0.001,0.000,-0.000
20.235,0.001,0.000,0.000
20.245,0.001,0.000,0.000
20.255,0.001,0.000,0.000
20.265,0.001,0.000,-0.000
20.275,0.001,0.000,0.000
20.285,0.000,0.000,0.000
20.295,0.000,0.000,0.000
20.305,0.001,0.000,-0.000
20.315,0.001,0.000,-0.001
20.325,0.001,0.000,-0.001
20.335,0.000,-0.000,-0.001
20.345,0.000,0.000,0.000
20.355,0.000,0.000,0.000
20.365,0.000,0.001,-0.000
20.374,0.000,0.000,-0.001
20.385,0.001,0.000,0.000
20.395,0.000,0.000,0.000
20.405,0.001,0.000,0.000
20.415,0.001,0.000,-0.000
20.425,0.001,-0.000,0.000
20.435,0.001,-0.000,0.000
20.445,0.001,-0.000,0.000
20.454,0.001,-0.000,0.000
20.464,0.001,0.000,-0.000
20.475,0.001,0.000,0.000
20.485,0.001,0.000,0.000
20.494,0.001,0.000,0.001
20.504,0.001,0.000,0.001
20.515,0.000,0.001,0.000
20.525,0.000,0.000,-0.000
20.535,0.000,-0.000,0.000
20.544,0.000,-0.000,0.001
20.555,0.000,-0.000,0.001
20.565,0.001,-0.000,0.000
20.574,0.001,0.000,0.000
20.584,0.001,0.000,0.000
20.594,0.000,0.000,0.000
20.605,0.001,0.000,0.000
20.615,0.001,0.000,0.000
20.624,0.000,0.000,-0.000
20.634,0.000,0.000,0.001
20.645,0.000,0.000,0.001
20.655,0.000,0.000,0.000
20.664,0.000,0.000,0.000
20.674,0.000,0.000,0.000
20.685,0.000,0.000,0.000
20.695,0.000,0.000,0.000
20.704,0.001,0.000,0.000
20.714,0.001,0.000,0.000
20.725,0.001,0.000,0.000
20.735,0.000,0.000,-0.000
20.744,0.001,-0.000,0.000
20.754,0.001,-0.001,0.000
20.764,0.001,-0.000,-0.000
20.775,0.000,-0.000,-0.000
20.785,0.001,-0.000,0.000
20.794,0.001,-0.000,0.001
20.804,0.001,-0.000,0.001
20.815,0.001,0.000,0.000
20.824,0.001,0.000,0.000
20.834,0.001,0.000,0.001
20.844,0.001,0.000,0.001
20.855,0.001,0.000,0.000
20.864,0.000,0.000,-0.000
20.874,0.000,0.000,-0.000
20.884,0.000,-0.000,-0.000
20.895,0.001,-0.000,-0.000
20.904,0.001,0.000,0.000
20.914,0.001,0.000,-0.000
20.924,0.001,0.000,0.000
20.934,0.000,0.000,0.000
20.944,0.000,0.000,0.000
20.954,0.000,0.000,-0.000
20.964,0.000,0.000,0.000
20.974,0.000,0.000,0.000
20.984,0.000,0.000,0.000
20.994,0.000,-0.000,0.001
21.004,0.000,0.000,0.000
21.014,0.000,0.000,0.000
21.025,0.001,0.000,0.001
21.034,0.001,0.000,0.001
21.044,0.001,0.000,0.001
21.054,0.001,0.000,0.000
21.063,0.001,0.000,0.000
21.074,0.001,0.000,0.000
21.084,0.001,0.000,0.000
21.094,0.001,0.000,0.000
21.104,0.001,0.000,-0.000
21.114,0.001,0.000,-0.000
21.124,0.001,0.000,0.001
21.134,0.001,0.000,0.001
21.143,0.001,0.000,0.000
21.154,0.001,0.000,0.000
21.164,0.000,0.001,-0.000
21.174,0.001,0.001,0.000
21.184,0.000,0.001,0.001
21.194,0.001,0.001,0.001
21.204,0.001,0.000,0.000
21.214,0.001,0.000,0.000
21.224,0.001,0.000,0.001
21.233,0.001,0.000,0.001
21.244,0.001,0.000,0.001
21.254,0.001,0.000,0.000
21.264,0.001,0.000,0.000
21.273,0.001,0.000,0.000
21.284,0.001,0.000,0.000
21.294,0.001,0.000,0.001
21.304,0.001,0.000,0.000
21.313,0.001,0.000,0.001
21.324,0.000,0.000,0.000
21.334,0.000,0.000,0.001
21.344,0.001,0.000,0.000
21.354,0.000,0.000,0.000
21.364,0.000,0.000,0.000
21.374,0.000,0.000,0.000
21.384,0.000,0.000,0.000
21.393,0.000,-0.000,0.000
21.403,0.000,0.000,0.000
21.414,0.000,0.000,0.000
21.424,0.001,0.000,0.001
21.434,0.001,0.000,0.001
21.443,0.001,0.000,0.001
21.454,0.001,0.000,0.000
21.464,0.001,0.000,0.000
21.473,0.001,0.000,0.000
21.483,0.001,0.000,0.000
21.494,0.001,0.000,0.000
21.504,0.001,0.000,-0.000
21.514,0.001,0.000,-0.000
21.523,0.001,0.000,-0.000
21.533,0.001,0.000,0.000
21.544,0.001,0.000,0.000
21.553,0.001,0.000,-0.000
21.563,0.001,0.000,-0.000
21.573,0.001,0.000,-0.000
21.584,0.001,0.000,0.000
21.594,0.001,0.000,-0.000
21.603,0.001,0.000,-0.000
21.613,0.000,-0.000,-0.001
21.624,0.000,-0.000,-0.000
21.633,0.000,-0.000,-0.000
21.643,0.001,-0.000,-0.000
21.653,0.001,-0.000,-0.001
21.664,0.001,-0.000,-0.001
21.673,0.001,0.000,-0.000
21.683,0.001,0.000,-0.001
21.693,0.001,0.000,-0.000
21.703,0.000,0.000,-0.000
21.714,0.000,0.000,-0.001
21.723,0.000,0.000,-0.001
21.733,0.001,0.000,-0.000
21.743,0.001,0.000,-0.000
21.753,0.001,0.000,-0.001
21.763,0.001,0.000,-0.000
21.773,0.001,0.000,0.000
21.783,0.000,0.000,0.000
21.794,0.000,0.000,0.000
21.803,0.001,0.000,-0.000
21.813,0.001,0.000,0.000
21.823,0.000,0.000,0.000
21.834,0.001,0.001,-0.000
21.843,0.001,0.000,-0.000
21.853,0.000,0.000,-0.000
21.863,0.000,0.000,-0.001
21.873,0.001,0.000,-0.000
21.883,0.000,0.000,-0.000
21.893,0.000,0.000,0.000
21.903,0.000,0.000,-0.000
21.913,0.000,-0.000,-0.001
21.923,0.000,-0.000,-0.000
21.933,0.000,-0.000,-0.000
21.943,0.001,0.000,0.000
21.953,0.001,0.000,-0.000
21.964,0.001,0.000,0.000
21.973,0.001,0.000,0.000
21.983,0.001,0.000,0.000
21.993,0.001,0.000,0.000
22.002,0.001,0.000,0.000
22.013,0.001,0.000,0.000
22.023,0.001,0.000,0.000
22.033,0.001,0.000,0.001
22.043,0.001,0.000,0.001
22.053,0.001,0.000,0.001
22.063,0.001,0.000,0.000
22.073,0.001,0.000,0.000
22.082,0.001,0.000,0.001
22.093,0.001,0.000,0.000
22.103,0.001,0.000,-0.000
22.113,0.001,0.000,-0.000
22.122,0.001,0.000,0.000
22.133,0.001,0.000,-0.000
22.143,0.001,0.000,-0.000
22.153,0.000,0.000,-0.000
22.163,0.001,0.000,0.000
22.172,0.000,0.000,0.000
22.183,0.000,0.000,-0.000
22.193,0.000,0.000,0.000
22.202,0.000,0.000,0.000
22.212,0.000,0.000,0.001
22.223,0.000,0.000,0.001
22.233,0.000,0.000,0.001
22.243,0.000,0.000,0.001
22.252,0.000,0.000,0.001
22.263,-0.000,0.000,0.001
22.273,0.000,-0.000,0.001
22.282,0.000,-0.000,0.000
22.292,0.001,-0.000,0.000
22.303,0.001,-0.000,0.001
22.313,0.000,-0.000,0.000
22.323,0.000,-0.000,0.001
22.332,0.000,-0.000,0.001
22.342,0.001,-0.000,0.001
22.353,0.001,0.000,0.000
22.363,0.001,0.000,0.000
22.372,0.001,0.000,0.000
22.382,0.001,0.000,0.000
22.393,0.001,0.000,0.000
22.403,0.001,0.000,-0.001
22.412,0.001,0.000,-0.000
22.422,0.001,-0.000,-0.000
22.433,0.000,-0.000,-0.000
22.443,0.000,0.000,-0.000
22.452,0.000,-0.000,-0.001
22.462,0.000,-0.000,-0.001
22.473,0.000,0.000,-0.001
22.483,0.000,0.000,-0.001
22.492,0.000,0.000,-0.001
22.502,0.000,0.000,-0.000
22.512,0.000,0.000,-0.000
22.523,0.000,0.000,0.000
22.532,0.000,0.000,0.000
22.542,0.000,0.000,0.000
22.552,0.001,0.000,0.001
22.563,0.000,0.000,0.000
22.572,0.000,0.000,0.000
22.582,0.000,0.000,0.000
22.592,0.000,0.000,0.000
22.603,0.000,0.000,-0.000
22.613,0.001,0.000,-0.000
22.622,0.000,0.000,-0.000
22.632,0.000,0.000,-0.001
22.642,0.000,0.001,-0.000
22.652,0.000,0.000,-0.001
22.662,0.000,0.000,-0.000
22.672,0.000,0.000,-0.000
22.682,0.000,0.000,-0.000
22.692,0.000,0.000,0.000
22.702,0.000,0.000,-0.000
22.712,0.000,0.000,0.000
22.722,0.000,0.000,0.000
22.733,0.000,0.000,0.000
22.742,0.000,0.000,-0.000
22.752,0.001,0.000,-0.000
22.762,0.000,0.000,-0.000
22.773,0.000,0.000,0.000
22.782,0.000,0.000,-0.000
22.792,0.000,0.000,-0.000
22.802,0.000,-0.000,-0.001
22.811,0.000,0.000,-0.001
22.822,0.000,0.000,-0.000
22.832,0.000,0.000,-0.001
22.842,0.000,0.000,-0.000
22.851,0.000,0.000,-0.000
22.862,0.001,0.000,0.000
22.872,0.000,-0.000,0.001
22.882,0.000,0.000,0.000
22.892,0.000,0.000,-0.000
22.902,0.000,0.000,-0.000
22.912,0.000,0.000,0.000
22.922,0.000,0.000,-0.000
22.932,0.000,0.000,0.000
22.941,0.000,0.000,0.000
22.952,0.000,0.000,0.000
22.962,0.000,0.000,0.000
22.972,-0.000,0.000,0.000
22.982,-0.000,0.000,0.000
22.992,-0.000,0.000,0.000
23.002,0.000,0.000,-0.000
23.012,0.000,0.000,-0.000
23.021,0.000,0.000,-0.000
23.032,0.000,-0.000,-0.000
23.042,0.000,0.000,-0.000
23.052,0.000,0.000,-0.001
23.061,0.000,0.000,-0.000
23.072,0.000,0.000,0.000
23.082,0.000,0.000,-0.000
23.092,0.000,0.000,0.000
23.101,0.000,0.000,-0.001
23.111,0.000,-0.000,-0.000
23.122,0.000,0.000,-0.000
23.132,0.000,0.000,0.000
23.141,0.000,0.000,0.000
23.151,0.000,0.000,-0.000
23.162,0.000,0.000,-0.000
23.172,0.000,0.000,-0.000
23.182,0.000,0.000,0.000
23.191,0.000,0.000,-0.000
23.202,0.000,0.000,0.000
23.212,0.000,-0.000,0.000
23.221,0.000,0.000,0.001
23.231,0.000,0.000,0.001
23.242,0.000,0.000,0.000
23.252,-0.000,0.000,0.000
23.262,-0.000,0.000,0.000
23.271,0.000,0.000,0.001
23.281,0.000,0.000,0.001
23.292,0.000,0.000,0.001
23.302,0.000,0.000,-0.000
23.311,0.000,0.000,0.000
23.321,0.000,0.000,0.000
23.332,0.001,0.000,0.000
23.342,0.000,0.000,0.000
23.351,0.000,0.000,-0.000
23.361,-0.000,0.000,0.000
23.372,-0.000,0.000,0.000
23.382,-0.000,0.000,0.000
23.391,-0.000,-0.000,-0.000
23.401,-0.000,-0.000,-0.000
23.412,-0.000,0.000,0.000
23.422,-0.000,0.000,0.000
23.431,0.000,0.000,0.001
23.441,-0.000,0.000,-0.000
23.451,-0.000,0.000,-0.000
23.462,-0.000,-0.000,-0.001
23.471,-0.000,0.000,-0.000
23.481,-0.000,-0.000,-0.000
23.491,-0.000,-0.000,-0.000
23.502,0.000,0.000,-0.000
23.511,0.000,0.000,-0.000
23.521,0.000,0.000,0.000
23.531,0.000,0.000,0.000
23.542,0.000,-0.000,0.000
23.552,0.000,-0.000,-0.000
23.561,0.000,-0.000,0.000
23.571,0.001,0.000,0.001
23.581,0.001,0.000,0.001
23.591,0.001,0.000,0.001
23.601,0.001,0.000,0.001
23.611,0.001,0.000,0.000
23.621,0.001,0.000,0.000
23.631,0.001,0.001,0.001
23.641,0.001,0.000,0.000
23.651,0.000,0.000,0.000
23.661,0.000,0.000,-0.000
23.672,0.000,0.000,0.000
23.681,0.000,0.000,0.001
23.691,0.000,0.000,0.000
23.701,0.000,0.000,-0.000
23.711,0.000,0.000,-0.000
23.721,0.000,0.000,0.000
23.731,0.000,0.000,0.000
23.741,0.000,0.000,0.000
23.750,0.000,0.000,-0.001
23.761,0.000,0.000,-0.001
23.771,0.000,0.000,0.000
23.781,0.000,0.000,0.000
23.791,0.000,-0.000,0.000
23.801,0.000,0.000,-0.000
23.811,0.000,0.000,0.000
23.821,0.000,0.000,-0.000
23.831,0.000,0.000,0.000
23.841,0.000,0.000,0.000
23.851,0.000,0.000,0.000
23.861,0.000,0.000,0.000
23.870,0.000,0.000,0.000
23.881,0.000,-0.000,0.001
23.891,0.000,-0.000,0.001
23.901,0.000,-0.000,0.001
23.911,-0.000,-0.000,0.000
23.920,0.000,-0.000,0.000
23.931,0.000,-0.000,0.000
23.941,0.000,0.000,0.000
23.950,-0.000,-0.000,0.000
23.960,-0.000,0.000,-0.000
23.971,0.000,0.000,0.000
23.981,-0.000,0.000,-0.000
23.991,-0.000,0.000,0.000
24.000,-0.000,0.000,-0.001
24.011,-0.000,0.000,-0.001
24.021,0.000,0.000,-0.001
24.031,0.000,0.000,-0.001
24.040,0.000,0.000,-0.001
24.050,0.000,-0.000,-0.000
24.061,0.000,-0.000,0.000
24.071,0.000,0.000,0.000
24.080,0.000,0.000,0.000
24.090,0.000,-0.000,0.000
24.101,0.000,-0.000,0.000
24.111,-0.000,-0.000,0.000
24.120,0.000,-0.000,0.000
24.130,0.000,-0.000,0.001
24.141,0.000,0.000,0.000
24.151,0.000,0.000,0.000
24.160,0.000,0.000,-0.000
24.170,0.000,0.000,0.000
24.181,0.001,0.000,0.000
24.191,0.001,0.000,0.000
24.200,0.001,0.000,0.000
24.210,0.001,0.000,0.000
24.220,0.000,0.000,0.000
24.231,0.000,-0.000,0.000
24.241,0.000,-0.000,0.001
24.250,0.000,-0.000,0.001
24.260,0.000,0.000,0.001
24.271,0.000,0.000,0.001
24.280,0.000,0.000,0.000
24.290,0.000,0.000,0.000
24.300,0.000,0.000,0.000
24.311,0.000,0.000,0.000
24.321,0.000,0.000,0.000
24.330,0.001,0.000,0.000
24.340,0.000,0.000,-0.000
24.351,0.000,0.000,-0.000
24.360,-0.000,0.000,-0.000
24.370,0.000,0.000,-0.000
24.380,-0.000,0.000,-0.000
24.390,-0.000,0.000,0.000
24.401,-0.000,0.000,0.000
24.410,-0.000,0.000,-0.000
24.420,0.000,-0.000,0.000
24.430,-0.000,0.000,-0.000
24.441,-0.000,0.000,0.000
24.450,-0.000,0.000,-0.000
24.460,0.000,0.000,-0.000
24.470,0.000,0.000,0.000
24.481,-0.000,0.000,0.000
24.490,-0.000,-0.000,0.000
24.500,0.000,0.000,-0.000
24.510,0.000,0.000,0.000
24.521,0.000,0.000,0.000
24.530,0.000,0.000,0.000
24.540,0.000,0.000,0.000
24.550,-0.000,0.000,-0.000
24.560,-0.000,-0.000,-0.000
24.570,0.000,-0.000,-0.000
24.580,0.000,-0.000,-0.000
24.590,0.000,-0.000,-0.000
24.600,0.000,-0.000,-0.000
24.610,0.000,-0.000,-0.000
24.620,0.000,-0.000,-0.000
24.630,0.000,-0.000,-0.000
24.640,0.000,-0.001,-0.000
24.651,0.000,-0.000,0.000
24.660,0.000,-0.000,0.000
24.670,0.000,-0.000,-0.000
24.680,-0.000,0.000,-0.001
24.689,-0.000,0.000,-0.000
24.700,-0.000,-0.000,-0.000
24.710,-0.000,-0.000,-0.001
24.720,0.000,-0.000,-0.000
24.729,0.000,-0.000,-0.000
24.740,0.000,-0.000,0.000
24.750,0.000,-0.000,-0.000
24.760,0.000,-0.000,-0.000
24.770,0.000,0.000,-0.000
24.780,0.000,0.000,-0.000
24.790,0.000,-0.000,-0.000
24.800,0.000,-0.000,0.000
24.809,0.000,-0.000,-0.000
24.820,0.000,0.000,-0.000
24.830,0.000,0.000,0.000
24.840,0.000,0.000,0.000
24.850,0.000,0.000,0.000
24.859,-0.000,0.000,-0.000
24.870,0.000,0.000,-0.000
24.880,0.000,-0.000,-0.000
24.890,0.000,-0.000,0.000
24.899,0.000,-0.000,0.000
24.910,0.000,-0.000,-0.000
24.920,0.000,-0.000,-0.000
24.930,0.000,-0.000,-0.000
24.939,0.000,-0.000,0.000
24.950,0.000,0.000,-0.000
24.960,0.000,0.000,0.000
24.969,0.000,0.000,0.000
24.979,0.000,0.000,0.000
24.989,-0.000,0.000,0.001
25.000,-0.000,0.000,0.000
25.010,-0.000,0.000,0.000
25.019,-0.000,0.000,-0.000
25.029,0.000,0.000,0.000
25.040,-0.000,0.000,0.000
25.050,-0.000,0.000,0.000
25.059,-0.000,0.000,-0.000
25.069,-0.000,0.000,0.000
25.080,0.000,0.000,0.000
25.090,0.000,0.000,0.000
25.099,0.001,0.000,0.001
25.109,0.001,0.000,0.000
25.120,0.001,0.000,0.000
25.130,0.000,0.000,-0.000
25.139,0.001,0.000,0.000
25.149,0.000,0.000,0.000
25.159,0.000,0.000,0.000
25.170,0.000,0.000,0.000
25.179,0.000,0.001,0.000
25.189,0.000,0.000,0.000
25.199,0.000,0.000,0.000
25.210,0.000,0.000,0.000
25.219,0.000,0.000,0.000
25.229,0.000,0.001,0.000
25.239,0.000,0.000,0.000
25.250,0.000,0.000,0.001
25.260,0.000,0.000,0.001
25.269,0.000,0.000,0.000
25.279,-0.000,0.000,0.000
25.290,-0.000,0.001,0.001
25.299,-0.000,0.001,0.000
25.309,0.000,0.001,0.000
25.319,0.000,0.001,0.001
25.329,-0.000,0.001,0.001
25.339,-0.000,0.001,0.001
25.349,0.000,0.000,0.001
25.359,0.000,0.000,-0.000
25.369,-0.000,0.000,0.000
25.380,0.000,-0.000,0.000
25.389,0.000,-0.000,0.001
25.399,0.000,-0.000,0.000
25.409,0.000,-0.000,0.000
25.420,-0.000,0.000,0.000
25.429,-0.000,0.000,-0.000
25.439,0.000,-0.000,0.000
25.449,0.000,0.000,0.000
25.460,0.000,0.000,0.000
25.469,0.000,0.000,0.000
25.479,0.000,0.000,0.000
25.489,0.000,0.000,0.000
25.499,-0.000,0.000,-0.001
25.509,-0.000,0.000,-0.000
25.519,0.000,0.000,-0.000
25.529,0.000,0.000,-0.000
25.538,0.000,-0.000,-0.001
25.549,0.000,-0.000,0.000
25.559,0.000,-0.000,-0.000
25.569,0.000,-0.001,-0.000
25.579,0.000,-0.000,-0.000
25.589,0.001,0.000,0.000
25.599,0.000,0.000,-0.000
25.609,0.001,0.000,-0.000
25.619,0.001,0.000,-0.000
25.628,0.000,0.000,0.000
25.639,0.000,0.000,0.000
25.649,0.000,0.000,0.000
25.659,0.000,0.000,0.000
25.668,0.000,0.000,0.000
25.679,0.000,0.000,0.000
25.689,0.000,0.000,0.000
25.699,0.000,0.000,0.000
25.708,0.000,0.000,0.000
25.719,-0.000,0.000,0.000
25.729,0.000,0.000,0.001
25.739,-0.000,0.000,0.000
25.748,-0.000,0.000,0.001
25.759,-0.000,0.000,0.000
25.769,0.000,0.001,0.000
25.779,0.000,0.000,0.000
25.788,0.000,0.001,0.000
25.798,0.000,0.000,0.000
25.809,0.000,0.000,-0.000
25.819,0.000,0.000,0.000
25.828,0.000,0.000,0.000
25.838,0.000,0.000,0.000
25.849,0.000,0.000,-0.000
25.859,0.000,0.000,-0.001
25.869,0.000,0.000,-0.001
25.878,0.000,0.000,-0.000
25.889,0.000,0.000,0.000
25.899,-0.000,0.000,-0.000
25.908,-0.000,0.000,0.000
25.918,-0.000,0.000,0.000
25.929,0.000,-0.000,0.001
25.939,-0.000,-0.000,0.000
25.949,-0.000,0.000,0.000
25.958,-0.000,0.000,0.000
25.968,-0.000,0.000,0.000
25.979,-0.001,0.000,0.001
25.989,-0.001,0.000,0.001
25.998,-0.001,0.000,0.001
26.008,-0.000,0.000,-0.001
26.019,-0.000,0.001,-0.000
26.029,-0.000,0.000,0.000
26.038,-0.000,0.000,0.000
26.048,-0.000,0.000,0.000
26.059,-0.000,0.000,0.000
26.069,0.000,0.000,-0.000
26.078,0.000,0.000,-0.000
26.088,0.000,0.000,0.000
26.098,-0.000,0.000,-0.000
26.109,-0.000,0.000,0.000
26.118,-0.000,0.000,0.000
26.128,-0.000,0.000,0.000
26.138,-0.000,0.000,0.001
26.149,-0.000,0.000,0.000
26.158,-0.000,0.000,0.000
26.168,0.000,0.000,-0.000
26.178,0.000,0.000,0.000
26.189,0.000,0.000,0.000
26.198,0.000,0.000,0.000
26.208,0.000,-0.000,0.000
26.218,0.000,-0.000,0.000
26.229,0.000,0.000,-0.000
26.238,0.000,0.000,-0.000
26.248,-0.000,0.000,0.000
26.258,-0.000,-0.000,-0.000
26.268,0.000,-0.000,0.001
26.279,0.000,0.000,0.000
26.288,0.000,0.000,0.000
26.298,0.000,0.000,0.000
26.308,0.000,0.000,0.000
26.318,0.000,0.000,0.001
26.328,0.000,0.000,0.000
26.338,0.000,0.000,0.000
26.348,0.000,0.000,0.000
26.358,0.000,0.000,0.001
26.368,0.000,0.000,0.000
26.378,0.000,0.000,0.000
26.388,-0.000,-0.000,-0.000
26.397,0.000,0.000,-0.000
26.408,-0.000,-0.000,-0.000
26.418,-0.000,-0.000,-0.000
26.428,0.000,-0.000,0.000
26.438,-0.000,-0.000,-0.000
26.448,0.000,0.000,0.000
26.458,-0.000,-0.000,0.000
26.468,-0.000,-0.000,0.000
26.478,-0.000,-0.000,0.000
26.488,-0.000,0.000,-0.000
26.498,-0.000,0.000,-0.000
26.508,0.000,0.000,-0.000
26.517,0.000,0.000,0.000
26.528,-0.000,0.000,-0.000
26.538,0.000,0.000,-0.000
26.548,0.000,0.000,-0.001
26.558,0.000,-0.000,-0.000
26.567,0.000,0.000,0.000
26.578,-0.000,0.000,0.000
26.588,-0.000,0.000,0.000
26.598,-0.000,0.000,-0.000
26.607,-0.000,0.000,-0.000
26.618,-0.000,0.000,-0.000
26.628,-0.000,0.000,-0.000
26.638,-0.000,0.000,-0.000
26.647,0.000,0.000,0.000
26.658,0.000,0.000,0.001
26.668,0.000,0.000,0.001
26.678,0.000,-0.000,0.000
26.687,0.000,-0.000,0.000
26.698,-0.000,-0.000,0.000
26.708,-0.000,-0.000,-0.000
26.718,0.000,-0.000,-0.000
26.727,-0.000,-0.000,-0.000
26.737,-0.000,0.000,-0.001
26.748,-0.000,0.000,-0.001
26.758,-0.000,0.000,-0.000
26.767,0.000,-0.000,0.000
26.777,0.000,-0.000,0.000
26.788,0.000,0.000,0.000
26.798,0.000,0.000,-0.000
26.807,0.000,0.000,0.001
26.817,0.000,0.000,0.000
26.828,0.000,0.000,0.000
26.838,0.000,0.000,-0.000
26.848,0.000,0.000,0.000
26.857,0.000,-0.000,-0.000
26.868,0.000,0.000,-0.000
26.878,0.000,-0.000,0.000
26.887,0.000,-0.000,0.000
26.897,0.000,-0.000,0.000
26.907,0.000,-0.000,0.000
26.918,0.000,0.000,0.000
26.927,0.000,0.000,0.000
26.937,0.000,-0.000,-0.000
26.947,-0.000,0.000,0.000
26.958,-0.000,0.000,0.000
26.968,-0.000,-0.000,0.000
26.977,-0.000,-0.000,-0.000
26.987,-0.000,0.000,0.000
26.998,-0.000,-0.000,-0.000
27.008,-0.000,-0.000,0.000
27.017,-0.000,-0.000,0.000
27.027,-0.000,-0.000,-0.000
27.037,-0.000,-0.000,0.000
27.047,-0.000,0.000,0.000
27.057,-0.000,0.000,0.000
27.067,-0.000,0.000,-0.000
27.077,-0.000,0.000,-0.000
27.088,-0.000,0.000,-0.000
27.097,-0.000,-0.000,0.000
27.107,-0.000,-0.000,0.000
27.117,-0.000,0.000,-0.000
27.128,-0.000,-0.000,-0.000
27.137,-0.000,-0.000,-0.000
27.147,0.000,-0.000,0.000
27.157,0.000,-0.000,-0.000
27.168,0.000,-0.000,-0.000
27.177,0.000,0.000,-0.001
27.187,0.000,0.000,-0.001
27.197,0.000,0.000,-0.000
27.207,0.000,-0.000,-0.000
27.217,0.000,-0.000,-0.000
27.227,0.000,0.000,0.000
27.237,0.000,-0.000,0.000
27.247,0.000,-0.000,0.000
27.257,0.000,-0.000,0.000
27.267,0.000,-0.000,-0.000
27.277,0.000,-0.000,-0.000
27.287,0.000,-0.000,0.000
27.297,0.000,-0.000,0.000
27.307,0.000,0.000,0.000
27.317,-0.000,0.000,-0.000
27.327,0.000,0.000,-0.000
27.338,-0.000,0.000,-0.000
27.347,0.000,0.000,0.000
27.357,0.000,0.000,-0.000
27.367,0.001,0.000,0.000
27.376,0.000,0.000,0.000
27.387,0.000,0.000,0.000
27.397,0.000,0.000,0.001
27.407,-0.000,0.000,0.000
27.416,-0.000,0.000,0.000
27.427,-0.000,0.000,0.000
27.437,0.000,0.000,0.000
27.447,-0.000,0.000,-0.000
27.456,-0.000,0.000,-0.000
27.467,0.000,0.000,0.000
27.477,0.000,0.000,-0.000
27.487,0.000,0.000,0.000
27.497,0.000,0.000,0.000
27.506,0.000,0.000,0.001
27.517,0.000,0.000,0.000
27.527,0.000,0.000,0.000
27.536,0.000,0.000,0.000
27.546,-0.000,0.000,-0.000
27.557,-0.000,0.000,-0.000
27.567,-0.000,0.000,-0.000
27.577,0.000,0.000,-0.000
27.586,0.000,0.000,-0.000
27.597,0.000,0.000,0.000
27.607,0.000,0.000,0.000
27.616,0.000,0.000,-0.000
27.626,0.000,0.000,-0.001
27.637,0.000,0.000,-0.001
27.647,0.000,0.000,-0.000
27.657,-0.000,0.000,-0.001
27.666,0.000,0.000,-0.001
27.676,0.000,0.000,-0.001
27.687,0.000,0.000,-0.001
27.697,0.000,0.000,-0.000
27.706,0.000,0.000,0.000
27.716,-0.000,0.000,0.000
27.727,0.000,0.000,0.000
27.737,0.000,0.000,0.000
27.746,0.000,0.000,-0.000
27.756,-0.000,0.000,0.000
27.767,0.000,-0.000,-0.000
27.777,-0.000,0.000,-0.001
27.786,-0.000,0.000,-0.001
27.796,0.000,-0.000,-0.000
27.807,0.000,-0.000,-0.000
27.817,-0.000,0.000,-0.000
27.826,0.000,0.000,-0.000
27.836,-0.000,0.000,-0.000
27.846,0.000,-0.000,0.001
27.857,0.000,-0.000,0.001
27.866,0.000,-0.000,0.001
27.876,0.000,-0.000,0.000
27.886,0.000,0.000,0.001
27.897,0.000,0.000,0.001
27.907,0.000,0.000,0.000
27.916,-0.000,0.000,0.000
27.926,-0.000,-0.000,0.000
27.937,-0.000,-0.000,0.000
27.946,-0.000,0.000,0.000
27.956,-0.000,-0.000,0.000
27.966,-0.000,-0.000,-0.000
27.977,0.000,-0.000,-0.000
27.986,-0.000,0.000,0.000
27.996,0.000,0.000,0.000
28.006,0.000,0.000,0.000
28.016,0.000,0.000,-0.000
28.027,-0.000,0.000,-0.000
28.036,0.000,-0.000,-0.000
28.046,0.000,-0.000,0.000
28.056,0.000,-0.000,0.000
28.066,0.000,-0.000,0.001
28.076,0.000,-0.000,0.001
28.086,0.000,-0.000,0.000
28.096,0.000,-0.000,0.000
28.107,0.000,-0.001,0.000
28.116,0.000,-0.000,0.000
28.126,0.000,-0.000,-0.000
28.136,0.000,-0.000,0.000
28.146,0.000,-0.000,0.000
28.156,0.000,0.000,0.001
28.166,0.000,0.000,0.001
28.176,0.000,0.000,0.000
28.186,0.000,0.001,0.000
28.196,0.000,0.000,0.000
28.206,0.000,0.000,0.001
28.216,-0.000,0.000,0.001
28.226,-0.000,0.000,0.000
28.236,-0.000,-0.000,-0.000
28.246,0.000,-0.000,0.000
28.256,0.000,-0.000,0.001
28.266,0.000,-0.000,0.001
28.276,0.000,-0.000,0.000
28.286,0.000,0.000,-0.000
28.296,0.000,0.000,-0.000
28.306,-0.000,0.000,0.000
28.315,-0.000,0.000,0.001
28.326,-0.000,0.000,0.000
28.336,-0.000,0.000,-0.000
28.346,0.000,0.000,-0.000
28.355,0.000,0.000,-0.000
28.366,0.000,0.000,0.001
28.376,0.000,0.000,0.000
28.386,0.000,-0.000,0.000
28.395,0.000,0.000,-0.000
28.406,-0.000,0.000,0.000
28.416,0.000,0.000,0.000
28.426,0.000,0.001,0.000
28.435,0.000,0.001,0.001
28.445,0.000,0.000,0.000
28.456,-0.000,0.000,0.000
28.466,-0.000,0.000,0.000
28.475,-0.000,-0.000,-0.000
28.485,-0.000,-0.000,-0.000
28.496,0.000,-0.001,-0.000
28.506,0.000,-0.001,-0.000
28.515,0.000,-0.000,0.000
28.525,-0.000,-0.000,0.000
28.536,0.000,-0.000,-0.000
28.546,0.000,-0.000,-0.000
28.556,0.000,0.000,-0.000
28.565,0.000,0.000,0.000
28.576,0.000,0.000,0.000
28.586,0.000,0.000,0.000
28.595,0.000,0.001,0.000
28.605,0.000,0.001,0.000
28.615,0.001,0.001,0.000
28.626,0.000,0.000,-0.000
28.636,0.000,0.000,0.000
28.645,0.000,0.000,-0.000
28.655,0.001,0.000,-0.000
28.666,0.000,0.000,0.000
28.676,0.000,0.000,0.000
28.685,0.000,-0.000,-0.000
28.695,-0.000,-0.000,0.000
28.706,-0.000,-0.000,0.001
28.716,0.000,-0.000,0.001
28.725,0.000,-0.000,0.001
28.735,0.000,-0.000,0.000
28.746,0.000,-0.000,0.000
28.755,0.000,0.000,0.000
28.765,0.000,0.000,0.000
28.775,0.000,0.000,-0.000
28.785,-0.000,0.000,-0.000
28.796,-0.000,0.000,-0.000
28.805,-0.000,0.000,-0.000
28.815,-0.000,0.000,-0.000
28.825,-0.000,-0.000,-0.001
28.836,-0.000,-0.000,-0.001
28.845,-0.000,-0.001,-0.001
28.855,0.000,-0.001,-0.001
28.865,0.000,-0.000,-0.000
28.876,0.000,-0.000,-0.001
28.885,-0.000,0.000,-0.001
28.895,-0.000,0.000,-0.001
28.905,0.000,-0.000,-0.000
28.916,0.000,-0.000,-0.000
28.925,0.000,-0.000,-0.000
28.935,0.000,0.000,-0.000
28.945,-0.000,0.000,-0.000
28.955,-0.000,0.000,-0.000
28.966,-0.000,0.000,-0.000
28.975,-0.000,0.000,-0.000
28.985,-0.000,0.000,-0.001
28.995,0.000,0.000,0.000
29.005,0.000,0.000,0.000
29.015,0.000,0.000,0.000
29.025,-0.000,0.000,0.000
29.035,-0.000,0.000,-0.000
29.045,0.000,0.000,-0.000
29.055,0.000,0.000,-0.001
29.065,0.000,0.000,0.000
29.075,0.000,0.000,-0.000
29.084,0.000,0.000,0.000
29.095,-0.000,0.000,-0.000
29.105,0.000,0.000,-0.000
29.115,-0.000,0.000,-0.000
29.125,0.000,0.000,0.000
29.135,0.000,0.000,0.001
29.145,0.000,0.000,0.001
29.155,0.000,0.000,0.000
29.164,-0.000,0.000,-0.000
29.175,-0.000,0.000,-0.000
29.185,-0.000,0.000,-0.000
29.195,0.000,0.000,-0.000
29.204,0.000,0.000,-0.000
29.215,0.000,0.000,-0.000
29.225,0.000,0.000,0.000
29.235,0.000,-0.000,-0.001
29.244,0.000,-0.000,-0.000
29.254,-0.000,-0.000,-0.001
29.265,0.000,-0.000,-0.000
29.275,0.000,-0.000,-0.000
29.285,0.000,-0.000,0.000
29.294,-0.000,0.000,0.001
29.305,0.000,0.000,0.000
29.315,0.000,0.000,0.001
29.325,-0.000,0.000,0.001
29.334,0.000,0.000,0.000
29.345,-0.000,0.000,-0.000
29.355,-0.000,0.000,-0.000
29.365,-0.000,-0.000,0.000
29.374,-0.000,-0.000,0.000
29.385,-0.000,-0.000,0.000
29.395,-0.000,-0.000,0.001
29.405,-0.000,-0.000,0.000
29.414,-0.000,0.000,0.000
29.424,0.000,-0.000,0.001
29.435,0.000,-0.000,0.001
29.445,0.000,0.000,0.001
29.454,-0.000,0.000,0.001
29.464,-0.000,0.000,0.001
29.475,-0.000,0.000,0.001
29.485,-0.000,-0.000,0.001
29.494,0.000,0.000,0.001
29.504,0.000,0.000,0.000
29.515,0.000,0.000,0.000
29.525,0.000,0.000,-0.000
29.534,0.000,0.000,-0.000
29.544,0.000,0.000,-0.000
29.554,-0.000,0.000,-0.000
29.565,-0.000,0.000,0.000
29.575,-0.000,-0.000,0.000
29.584,-0.000,0.000,0.000
29.594,-0.000,0.000,0.000
29.605,-0.000,0.000,0.000
29.614,0.000,0.000,0.000
29.624,0.000,0.000,0.000
29.634,0.000,0.000,-0.000
29.645,0.000,0.000,-0.000
29.654,0.000,0.000,-0.000
29.664,-0.000,0.000,-0.001
29.674,-0.000,0.000,-0.000
29.685,-0.000,-0.000,-0.000
29.694,-0.000,-0.000,-0.000
29.704,-0.000,-0.000,-0.000
29.714,-0.000,-0.000,0.000
29.724,-0.001,-0.000,0.000
29.734,-0.000,-0.000,0.000
29.744,-0.000,0.000,0.000
29.754,-0.000,-0.000,-0.000
29.764,0.000,-0.000,-0.000
29.775,0.001,-0.000,-0.000
29.784,0.001,-0.001,0.000
29.794,0.001,-0.001,-0.000
29.804,0.001,-0.000,-0.000
29.814,0.000,-0.000,-0.000
29.824,0.000,-0.000,-0.000
29.834,0.000,-0.000,0.000
29.844,0.000,-0.000,-0.000
29.855,0.000,0.000,0.000
29.864,0.000,0.000,0.000
29.874,0.000,0.000,0.000
29.884,0.000,0.000,0.000
29.894,-0.000,0.000,0.000
29.904,-0.000,0.000,0.000
29.914,0.000,-0.000,0.000
29.924,0.000,0.000,0.000
29.934,-0.000,0.000,0.000
29.944,-0.001,0.000,-0.000
29.954,-0.001,0.000,-0.001
29.964,-0.000,0.000,-0.000
29.974,-0.001,-0.000,-0.000
29.984,-0.000,0.000,0.000
29.994,-0.000,0.000,0.000
30.004,-0.000,0.000,0.000
30.014,0.000,0.000,0.000
30.023,0.000,0.000,0.000
30.034,0.000,0.000,0.000
30.044,0.000,0.000,0.000
30.054,0.000,-0.000,0.000
30.063,0.000,0.000,0.000
30.074,0.000,0.000,0.001
30.084,0.000,0.000,0.001
30.094,0.000,0.000,0.001
30.103,0.000,0.000,0.001
30.114,0.000,0.000,0.000
30.124,0.000,0.000,0.001
30.134,0.000,0.000,0.000
30.144,0.000,0.000,0.000
30.154,-0.000,0.000,0.000
30.164,0.000,0.000,-0.000
30.174,0.000,0.000,-0.000
30.184,0.000,0.000,-0.001
30.193,0.000,0.000,-0.001
30.204,-0.000,0.000,-0.000
30.214,0.000,0.000,0.000
30.223,0.000,0.000,0.000
30.233,0.000,0.000,0.001
30.244,0.000,0.000,0.000
30.254,0.000,-0.000,0.000
30.263,0.000,-0.000,0.000
30.273,0.000,-0.000,-0.000
30.284,0.000,-0.000,-0.000
30.294,0.000,0.000,0.000
30.304,0.000,-0.000,0.000
30.313,0.000,-0.000,0.000
30.324,-0.000,0.000,0.000
30.334,-0.000,0.000,0.000
30.344,-0.000,0.000,0.000
30.353,-0.000,0.000,0.000
30.363,-0.000,0.000,0.000
30.374,-0.000,0.000,0.001
30.384,-0.000,-0.000,0.000
30.393,0.000,-0.000,0.000
30.403,0.000,0.000,0.000
30.414,-0.000,-0.000,0.000
30.424,-0.001,0.000,0.000
30.433,-0.000,0.000,0.000
30.443,-0.000,-0.000,0.000
30.454,-0.000,0.000,-0.000
30.464,-0.000,0.000,0.000
30.473,-0.000,0.000,-0.000
30.483,0.000,0.000,0.000
30.493,0.000,0.000,0.000
30.504,0.000,0.000,0.001
30.513,0.000,0.000,0.001
30.523,-0.000,0.000,0.000
30.533,-0.000,0.000,0.000
30.544,-0.000,0.000,0.000
30.553,-0.000,0.000,0.001
30.563,-0.000,0.000,0.001
30.573,-0.000,-0.000,0.001
30.584,-0.000,0.000,0.000
30.594,-0.000,0.000,0.000
30.603,-0.000,0.000,0.000
30.613,0.000,0.000,0.001
30.624,-0.000,0.000,0.001
30.633,-0.000,0.000,0.001
30.643,0.000,0.000,0.000
30.653,-0.000,-0.000,0.001
30.663,0.000,0.000,0.001
30.673,-0.000,0.000,0.000
30.683,-0.000,-0.000,0.000
30.693,0.000,-0.000,0.000
30.703,0.000,-0.000,0.000
30.714,-0.000,-0.000,0.000
30.723,0.000,-0.000,0.000
30.733,-0.000,-0.001,0.000
30.743,-0.000,-0.000,0.000
30.753,0.000,-0.000,0.001
30.763,0.000,-0.000,0.000
30.773,0.000,-0.000,0.001
30.783,0.000,-0.000,0.001
30.793,0.000,0.000,0.000
30.803,0.000,-0.000,0.000
30.813,0.000,-0.000,-0.000
30.823,0.000,0.000,-0.000
30.833,0.000,-0.000,-0.001
30.843,-0.000,-0.000,0.000
30.853,-0.000,-0.000,-0.000
30.863,-0.000,-0.000,0.000
30.873,-0.000,-0.000,-0.000
30.883,0.000,-0.000,0.000
30.893,0.000,-0.000,0.000
30.903,-0.000,-0.000,-0.001
30.912,-0.000,-0.000,-0.000
30.923,-0.000,-0.000,-0.000
30.933,0.000,0.000,-0.000
30.943,0.000,0.000,-0.000
30.953,0.000,0.000,0.000
30.962,0.000,0.000,0.000
30.973,0.000,0.000,0.000
30.983,0.000,0.000,0.000
30.993,0.000,0.000,-0.000
31.002,0.000,0.000,0.000
31.013,0.000,0.000,0.000
31.023,0.000,-0.000,-0.000
31.033,0.000,-0.000,-0.000
31.042,0.000,-0.000,-0.000
31.053,0.000,0.000,-0.000
31.063,0.000,-0.000,-0.000
31.073,0.000,0.000,0.000
31.083,0.000,0.000,-0.000
31.093,0.000,0.000,0.000
31.103,0.000,-0.000,-0.000
31.113,0.000,-0.000,-0.000
31.122,0.000,-0.000,-0.000
31.132,0.000,-0.000,-0.000
31.143,0.000,-0.000,-0.000
31.153,0.000,-0.000,0.000
31.162,0.000,0.000,0.001
31.172,0.000,0.000,0.000
31.183,0.000,0.000,0.000
31.193,0.000,0.000,0.000
31.203,-0.000,0.000,0.000
31.212,-0.000,0.000,0.000
31.223,-0.000,0.000,0.000
31.233,0.000,0.000,0.000
31.242,0.000,0.000,0.000
31.252,-0.000,-0.000,-0.000
31.263,0.000,-0.000,-0.000
31.273,0.000,-0.000,-0.000
31.282,-0.000,0.000,-0.000
31.292,-0.000,-0.000,-0.000
31.302,-0.000,-0.000,-0.000
31.313,-0.000,-0.000,-0.000
31.322,-0.000,0.000,0.000
31.332,-0.000,0.000,0.000
31.342,0.000,0.000,0.000
31.353,0.000,0.000,0.000
31.362,0.001,0.000,0.000
31.372,0.000,0.000,-0.000
31.382,0.001,0.000,0.000
31.393,0.001,-0.000,0.000
31.403,0.000,-0.000,0.000
31.412,0.000,-0.000,0.000
31.422,0.000,-0.000,0.000
31.433,0.000,-0.000,0.000
31.443,0.000,-0.001,0.000
31.452,0.000,-0.001,0.001
31.462,0.000,-0.000,0.000
31.472,0.000,-0.001,-0.000
31.483,0.000,-0.000,0.000
31.492,0.000,-0.000,0.000
31.502,0.000,0.000,0.000
31.512,0.000,0.000,0.000
31.523,-0.000,0.000,0.001
31.532,-0.000,0.000,0.000
31.542,-0.000,-0.000,0.000
31.552,-0.000,-0.000,0.001
31.563,-0.000,-0.000,0.000
31.572,-0.000,-0.000,0.000
31.582,0.000,-0.000,0.000
31.592,0.000,-0.000,0.000
31.602,0.000,-0.000,0.000
31.612,0.000,-0.000,0.000
31.622,0.000,-0.000,-0.000
31.632,0.000,-0.000,0.000
31.642,0.000,0.000,0.000
31.653,0.000,0.000,0.001
31.662,0.000,0.000,0.001
31.672,0.000,0.001,0.000
31.682,-0.000,0.000,0.000
31.692,-0.000,0.000,-0.000
31.702,0.000,0.000,0.000
31.712,-0.000,0.000,0.000
31.722,-0.000,-0.000,-0.000
31.733,-0.000,-0.000,-0.001
31.742,0.000,-0.000,-0.000
31.752,-0.000,-0.000,-0.000
31.762,-0.000,-0.000,-0.001
31.771,-0.000,-0.000,-0.000
31.782,-0.000,-0.000,-0.000
31.792,-0.000,0.000,0.000
31.802,-0.000,-0.000,0.000
31.811,-0.000,0.000,0.000
31.822,-0.000,0.000,0.000
31.832,0.000,0.000,0.000
31.842,0.000,0.000,0.000
31.852,0.000,0.000,0.000
31.862,0.000,-0.000,0.001
31.872,0.000,-0.000,-0.000
31.882,0.000,0.000,0.000
31.892,0.000,0.000,0.000
31.901,0.000,0.000,0.000
31.912,0.000,0.000,-0.000
31.922,-0.000,0.000,-0.001
31.931,-0.000,0.000,-0.001
31.941,-0.000,0.000,-0.001
31.952,0.000,0.000,0.000
31.962,0.000,0.000,0.000
31.971,0.000,0.000,0.000
31.981,0.000,0.000,-0.000
31.992,0.000,0.000,0.000
32.002,0.000,-0.000,0.001
32.012,0.000,-0.000,0.001
32.021,0.000,-0.000,0.000
32.032,-0.000,0.000,0.000
32.042,-0.000,0.000,0.000
32.051,0.000,0.000,0.001
32.061,0.000,0.000,0.001
32.071,-0.000,-0.000,0.000
32.082,0.000,0.000,0.000
32.092,0.000,0.000,0.000
32.101,0.000,0.000,0.001
32.111,0.000,0.000,0.001
32.122,-0.000,0.000,0.000
32.132,-0.000,0.000,0.000
32.141,-0.000,-0.000,0.000
32.151,-0.000,-0.000,0.000
32.162,-0.000,-0.000,0.000
32.172,-0.000,-0.000,-0.000
32.181,-0.000,0.000,-0.000
32.191,-0.000,-0.000,0.000
32.202,-0.000,-0.000,0.001
32.212,0.000,-0.000,0.000
32.221,0.000,-0.000,0.000
32.231,-0.000,-0.000,0.000
32.241,0.000,0.000,0.000
32.252,0.000,0.000,0.001
32.261,0.000,0.000,0.001
32.271,0.000,0.000,0.000
32.281,0.000,0.000,0.000
32.292,0.000,-0.000,0.000
32.302,0.000,-0.000,-0.000
32.311,0.000,-0.000,0.000
32.321,-0.000,0.000,0.000
32.332,-0.000,0.000,0.001
32.341,-0.000,0.000,0.000
32.351,-0.000,0.000,0.001
32.361,0.000,-0.000,0.000
32.372,-0.000,0.000,0.001
32.382,-0.000,0.000,0.000
32.391,-0.000,-0.000,0.000
32.401,-0.000,-0.000,0.001
32.411,-0.000,-0.000,0.000
32.422,0.000,-0.000,0.000
32.431,0.000,-0.000,0.000
32.441,-0.000,0.000,0.000
32.451,-0.000,0.000,0.000
32.462,-0.000,0.000,0.000
32.471,-0.000,0.000,-0.001
32.481,-0.000,-0.000,-0.001
32.491,0.000,-0.000,-0.000
32.502,-0.000,-0.000,-0.000
32.511,-0.000,-0.000,-0.000
32.521,0.000,0.000,-0.000
32.531,0.000,-0.000,-0.000
32.541,0.000,-0.000,0.000
32.551,0.000,0.000,0.000
32.561,0.000,0.000,0.001
32.571,0.000,0.000,0.000
32.581,0.000,0.000,0.000
32.591,0.000,0.000,0.000
32.601,0.000,0.000,0.001
32.611,-0.000,0.000,0.000
32.621,-0.000,0.000,-0.000
32.631,-0.000,0.000,-0.000
32.641,-0.000,0.000,0.000
32.651,-0.000,0.000,0.000
32.661,0.000,0.000,0.000
32.671,0.000,-0.000,0.000
32.681,-0.000,-0.000,-0.000
32.691,0.000,0.000,-0.000
32.701,0.000,0.000,-0.000
32.710,-0.000,0.000,-0.001
32.721,0.000,0.000,-0.001
32.731,0.000,0.000,-0.000
32.741,0.000,-0.000,0.000
32.751,0.000,0.000,-0.000
32.761,0.000,-0.000,0.000
32.771,-0.000,-0.000,-0.000
32.781,0.000,-0.000,-0.000
32.790,0.000,-0.000,-0.000
32.801,0.000,-0.000,0.001
32.811,0.000,-0.000,0.001
32.821,0.000,-0.000,0.000
32.830,0.000,-0.000,0.000
32.841,0.000,-0.000,0.000
32.851,0.000,-0.000,0.000
32.861,0.000,-0.000,-0.000
32.871,0.000,-0.000,-0.000
32.880,0.000,0.000,-0.000
32.891,0.000,-0.000,0.000
32.901,0.000,-0.000,0.000
32.910,-0.000,-0.000,0.000
32.920,-0.000,-0.000,0.000
32.931,-0.000,-0.000,0.000
32.941,0.000,-0.000,0.001
32.950,0.000,-0.000,0.001
32.960,-0.000,0.000,0.001
32.971,-0.000,0.000,0.000
32.981,0.000,0.000,0.000
32.990,0.000,0.000,0.000
33.000,0.000,0.000,0.000
33.010,0.000,0.000,0.000
33.021,-0.000,0.000,-0.001
33.031,-0.000,0.000,-0.001
33.040,-0.000,0.000,-0.000
33.050,-0.000,0.000,0.000
33.061,-0.000,0.000,0.000
33.070,-0.000,0.000,-0.000
33.080,-0.000,0.000,-0.000
33.090,-0.000,-0.000,0.000
33.101,0.000,-0.000,0.000
33.111,0.000,0.000,-0.000
33.120,0.000,0.000,-0.000
33.130,0.000,0.000,-0.001
33.141,0.000,0.000,0.000
33.151,0.000,0.000,0.000
33.160,-0.000,0.000,0.000
33.170,-0.000,0.000,-0.000
33.180,-0.000,0.000,-0.000
33.191,0.000,0.000,0.000
33.200,0.000,0.000,0.000
33.210,0.000,0.000,0.000
33.220,0.000,0.000,-0.000
33.231,0.000,-0.000,0.000
33.240,0.000,-0.000,0.000
33.250,0.000,0.000,0.000
33.260,0.000,0.000,0.000
33.271,0.000,0.000,-0.000
33.280,0.000,-0.000,-0.001
33.290,0.000,0.000,-0.001
33.300,0.000,0.000,0.000
33.311,0.000,0.000,-0.000
33.321,0.000,0.000,-0.001
33.330,0.000,0.000,-0.001
33.340,0.000,0.000,-0.000
33.350,0.000,-0.000,-0.000
33.360,0.000,0.000,-0.001
33.370,0.000,0.000,-0.001
33.380,0.000,0.000,-0.001
33.390,0.000,0.000,0.000
33.401,0.000,0.000,0.000
33.410,0.000,0.000,0.000
33.420,-0.000,0.000,-0.000
33.430,-0.000,0.000,-0.001
33.440,-0.000,0.000,0.000
33.450,-0.000,0.000,0.000
33.460,0.000,0.000,0.000
33.470,0.000,0.000,-0.000
33.481,0.000,0.000,0.000
33.490,0.000,0.000,0.001
33.500,0.000,0.000,0.001
33.510,0.000,0.000,0.000
33.519,0.000,0.000,0.000
33.530,0.000,-0.000,0.000
33.540,-0.000,0.000,0.000
33.550,-0.000,0.000,0.001
33.560,0.000,0.000,0.001
33.570,-0.000,-0.000,0.000
33.580,-0.000,0.000,0.000
33.590,-0.000,-0.000,0.001
33.600,-0.000,-0.000,0.001
33.610,-0.000,-0.000,0.000
33.620,0.000,0.000,0.000
33.630,-0.000,-0.000,0.001
33.639,0.000,-0.000,0.001
33.649,0.000,-0.000,0.001
33.660,0.000,0.000,0.000
33.670,-0.000,0.000,-0.000
33.680,0.000,0.000,-0.001
33.689,0.000,0.000,-0.000
33.700,0.000,0.000,-0.000
33.710,0.000,-0.000,-0.001
33.720,0.000,0.000,-0.001
33.729,0.000,-0.000,-0.000
33.740,-0.000,-0.000,0.000
33.750,-0.000,0.000,0.000
33.760,-0.000,0.000,-0.000
33.769,-0.000,0.000,-0.000
33.780,-0.000,0.000,0.000
33.790,0.000,0.000,0.000
33.800,0.000,-0.000,0.000
33.809,0.000,-0.000,-0.000
33.819,0.000,-0.000,-0.000
33.830,0.000,0.000,-0.000
33.840,0.000,0.000,-0.000
33.849,0.000,0.000,0.000
33.859,0.000,-0.000,0.000
33.870,0.000,0.000,-0.000
33.880,0.000,0.000,-0.001
33.889,0.000,0.000,-0.000
33.899,-0.000,-0.000,-0.000
33.910,0.000,0.000,-0.001
33.920,-0.000,0.000,-0.000
33.930,-0.000,0.000,-0.000
33.939,0.000,0.000,-0.000
33.949,0.000,0.000,-0.000
33.960,-0.000,0.000,-0.000
33.969,-0.000,0.000,-0.000
33.979,-0.000,-0.000,-0.000
33.989,-0.000,-0.000,0.000
34.000,0.000,-0.000,0.001
34.010,0.000,-0.000,0.000
34.019,0.000,-0.000,0.000
34.029,-0.000,-0.000,-0.000
34.040,-0.000,-0.000,0.000
34.049,-0.000,-0.000,0.000
34.059,-0.000,0.000,-0.000
34.069,-0.000,0.000,0.000
34.080,-0.000,-0.000,-0.000
34.090,-0.000,-0.000,-0.000
34.099,-0.000,-0.000,-0.000
34.109,-0.000,0.000,-0.001
34.119,-0.000,-0.000,-0.001
34.130,-0.000,-0.000,-0.001
34.139,-0.000,0.000,-0.000
34.149,-0.000,0.000,-0.000
34.159,0.000,0.000,-0.000
34.170,0.000,0.000,-0.001
34.179,0.000,0.000,-0.000
34.189,-0.000,0.000,-0.000
34.199,-0.000,0.000,-0.000
34.210,-0.000,0.000,-0.000
34.219,0.000,0.000,-0.000
34.229,0.000,0.000,0.000
34.239,0.000,0.000,-0.000
34.250,0.000,0.000,0.000
34.259,-0.000,0.001,-0.000
34.269,-0.000,0.000,0.000
34.279,-0.000,0.000,0.000
34.289,0.000,0.000,0.000
34.299,-0.000,0.000,0.000
34.309,-0.000,0.000,0.000
34.319,-0.000,0.000,0.000
34.329,-0.000,-0.000,0.000
34.339,-0.000,0.000,-0.000
34.349,-0.000,0.000,-0.000
34.359,-0.000,0.000,-0.000
34.369,-0.000,-0.000,0.000
34.379,-0.000,-0.000,0.001
34.389,-0.000,-0.000,0.001
34.399,-0.000,-0.000,0.000
34.409,0.000,-0.000,0.000
34.418,0.000,0.000,0.000
34.429,0.000,-0.000,0.000
34.439,0.000,-0.000,-0.000
34.449,0.000,-0.000,-0.000
34.458,0.000,0.000,0.000
34.469,0.000,0.000,0.000
34.479,0.000,0.000,0.000
34.489,0.000,0.000,0.000
34.498,0.000,0.000,0.000
34.509,0.000,0.000,0.001
34.519,0.001,0.000,0.001
34.529,0.000,0.000,0.001
34.539,0.000,0.000,0.001
34.549,0.000,0.000,0.001
34.559,0.000,0.000,0.001
34.569,0.000,0.000,0.001
34.578,0.001,0.000,0.001
34.588,0.000,0.000,0.001
34.599,0.000,0.000,0.000
34.609,0.000,0.000,0.001
34.619,0.000,0.000,0.000
34.628,-0.000,0.001,0.000
34.639,-0.000,0.001,0.000
34.649,-0.000,0.000,0.001
34.658,-0.000,0.000,0.001
34.668,-0.000,0.000,0.000
34.679,0.000,0.000,0.000
34.689,0.000,0.000,0.000
34.699,0.000,-0.000,0.000
34.708,-0.000,0.000,-0.000
34.719,0.000,-0.000,0.000
34.729,-0.000,-0.000,-0.000
34.738,-0.000,-0.000,-0.000
34.748,-0.000,0.000,-0.000
34.758,-0.000,0.000,-0.000
34.769,-0.000,0.001,0.000
34.779,-0.001,0.000,-0.000
34.788,-0.000,0.000,0.000
34.798,-0.000,0.000,-0.000
34.809,-0.000,0.000,-0.000
34.819,-0.001,0.000,-0.001
34.828,-0.001,0.000,-0.000
34.838,-0.000,0.000,-0.001
34.849,-0.000,0.000,-0.001
34.859,-0.000,-0.000,-0.000
34.868,-0.000,0.000,-0.000
34.878,0.000,0.000,-0.000
34.889,0.000,-0.000,-0.000
34.899,0.000,-0.000,-0.000
34.909,-0.000,-0.000,0.000
34.918,-0.000,-0.000,0.000
34.928,-0.000,0.000,0.000
34.939,0.000,-0.000,0.000
34.948,0.000,-0.000,0.000
34.958,0.000,-0.000,0.000
34.968,0.000,0.000,0.000
34.979,-0.000,0.000,0.000
34.988,0.000,0.000,0.000
34.998,0.000,0.001,0.000
35.008,0.000,0.000,0.000
35.019,0.000,0.000,0.000
35.029,0.000,0.000,0.000
35.038,0.000,0.000,0.000
35.048,-0.000,0.000,0.000
35.058,0.000,0.000,0.000
35.068,0.000,0.000,0.000
35.078,0.000,0.000,-0.000
35.088,0.000,-0.000,-0.000
35.098,-0.000,-0.000,-0.001
35.108,-0.000,-0.000,-0.000
35.118,-0.000,-0.000,-0.001
35.128,-0.000,-0.001,0.000
35.138,0.000,0.000,-0.000
35.148,0.000,0.000,0.000
35.158,0.000,0.000,0.000
35.168,0.000,0.000,0.000
35.178,-0.000,0.000,0.001
35.189,0.000,0.000,0.000
35.198,-0.000,0.000,0.001
35.208,-0.000,0.000,0.001
35.218,0.000,-0.000,0.001
35.227,-0.000,0.000,0.000
35.238,-0.000,0.000,0.000
35.248,-0.000,0.000,-0.000
35.258,0.000,0.000,-0.000
35.268,0.000,-0.000,-0.000
35.278,0.000,-0.000,-0.001
35.288,0.000,-0.000,-0.000
35.298,-0.000,0.000,-0.001
35.308,-0.000,0.000,-0.001
35.318,-0.000,-0.000,-0.001
35.328,0.000,-0.000,0.000
35.338,-0.000,-0.000,0.000
35.348,-0.000,-0.001,0.000
35.357,-0.000,-0.000,0.000
35.368,-0.000,-0.000,0.000
35.378,-0.000,-0.000,0.000
35.388,-0.000,-0.000,0.000
35.397,0.000,0.000,0.000
35.408,-0.000,-0.000,-0.000
35.418,-0.000,-0.000,0.000
35.428,-0.000,-0.000,0.000
35.437,0.000,-0.000,0.001
35.448,-0.000,-0.000,0.000
35.458,-0.000,-0.000,0.000
35.468,-0.000,-0.000,0.000
35.477,-0.001,-0.000,0.001
35.488,-0.001,0.000,0.001
35.498,-0.001,0.000,0.000
35.508,-0.000,0.000,0.000
35.517,-0.000,0.000,0.000
35.527,-0.000,0.000,0.000
35.538,-0.001,-0.000,0.000
35.548,-0.000,-0.000,-0.000
35.557,-0.000,0.000,-0.000
35.567,-0.000,0.000,-0.000
35.578,-0.000,0.000,0.000
35.588,-0.000,-0.000,-0.000
35.597,0.000,-0.000,0.000
35.607,0.000,-0.000,-0.000
35.618,0.000,-0.000,-0.000
35.628,-0.000,0.000,0.000
35.637,-0.000,0.000,-0.000
35.647,0.000,0.000,0.000
35.658,-0.000,0.000,-0.001
35.668,0.000,0.000,-0.000
35.677,0.000,0.000,0.000
35.687,0.000,0.000,0.000
35.697,-0.000,0.000,-0.000
35.708,0.000,0.000,-0.000
35.717,-0.000,0.000,-0.000
35.727,-0.000,0.000,-0.000
35.737,0.000,0.000,0.000
35.748,0.000,0.000,0.000
35.758,0.000,0.000,0.000
35.767,0.000,0.000,0.000
35.777,0.000,0.000,0.000
35.788,0.000,0.000,0.000
35.797,0.000,0.000,-0.000
35.807,0.000,0.000,-0.000
35.817,0.000,0.000,-0.000
35.828,0.000,-0.000,0.000
35.838,0.000,0.000,0.000
35.847,-0.000,-0.000,0.000
35.857,-0.000,-0.000,0.000
35.867,-0.000,-0.000,0.000
35.878,-0.000,-0.000,0.000
35.887,-0.000,0.000,0.000
35.897,-0.000,0.000,0.000
35.907,0.000,0.000,-0.001
35.918,0.000,0.000,-0.000
35.927,0.000,0.000,-0.001
35.937,0.000,0.000,-0.000
35.947,-0.000,-0.000,-0.001
35.958,-0.000,-0.001,-0.001
35.967,-0.000,-0.000,-0.001
35.977,-0.000,-0.000,-0.000
35.987,-0.000,-0.000,0.000
35.997,-0.000,-0.000,0.000
36.007,-0.000,-0.000,0.000
36.017,-0.000,-0.000,-0.000
36.027,-0.000,-0.000,-0.000
36.037,-0.000,-0.000,-0.001
36.047,0.000,0.000,-0.000
36.057,0.000,0.000,-0.000
36.067,0.000,0.000,-0.001
36.077,0.000,0.000,-0.000
36.087,0.000,0.000,0.000
36.097,0.000,0.000,0.001
36.107,-0.000,0.000,-0.001
36.117,-0.000,-0.000,-0.000
36.128,-0.000,0.000,-0.000
36.137,0.000,0.000,0.000
36.147,-0.000,-0.000,0.000
36.157,0.000,-0.000,-0.000
36.167,0.000,-0.001,-0.000
36.177,0.000,-0.000,-0.000
36.187,0.000,-0.000,0.000
36.197,-0.000,0.000,0.000
36.207,0.000,0.000,-0.000
36.217,0.000,0.000,-0.001
36.227,-0.000,0.000,-0.001
36.237,-0.000,-0.000,-0.000
36.246,-0.000,-0.000,0.000
36.257,-0.000,-0.000,0.000
36.267,-0.000,-0.000,-0.001
36.277,-0.000,-0.000,-0.000
36.286,-0.000,-0.000,0.000
36.297,0.000,-0.000,0.000
36.307,0.000,-0.000,0.000
36.317,0.000,-0.000,-0.000
36.327,0.000,-0.000,-0.000
36.336,0.000,0.000,-0.000
36.347,0.000,-0.000,0.000
36.357,-0.000,-0.000,0.000
36.366,0.000,0.000,0.000
36.376,0.000,-0.000,-0.000
36.387,0.000,-0.000,0.000
36.397,0.000,0.000,0.000
36.407,0.000,0.000,0.000
36.416,0.000,0.000,0.000
36.427,0.000,0.000,0.000
36.437,0.000,0.000,0.001
36.447,0.000,0.000,0.000
36.456,0.000,-0.000,0.000
36.466,0.000,0.000,0.000
36.477,0.000,0.000,-0.000
36.487,0.000,0.000,-0.000
36.496,0.000,0.000,-0.000
36.506,0.000,0.000,-0.000
36.517,0.000,-0.000,0.000
36.527,0.000,-0.000,0.000
36.537,0.000,-0.000,-0.000
36.546,0.000,-0.001,-0.000
36.557,-0.000,-0.001,-0.000
36.567,-0.000,-0.001,0.000
36.576,-0.000,-0.000,0.000
36.586,-0.000,-0.000,0.000
36.597,-0.000,-0.000,0.000
36.607,-0.000,-0.000,0.000
36.617,0.000,0.000,0.000
36.626,0.000,0.000,0.000
36.636,0.000,0.001,0.001
36.647,0.000,0.000,0.000
36.656,0.000,0.000,-0.000
36.666,0.000,0.000,0.000
36.676,0.000,0.000,-0.000
36.687,-0.000,0.000,0.000
36.696,-0.000,0.000,0.001
36.706,-0.000,0.000,0.001
36.716,-0.000,0.000,0.001
36.727,0.000,0.000,0.001
36.737,0.000,0.000,0.000
36.746,0.000,0.000,-0.000
36.756,-0.000,0.000,-0.000
36.767,0.000,0.000,0.000
36.777,-0.000,0.000,0.000
36.786,-0.000,0.000,-0.000
36.796,0.000,-0.000,0.000
36.806,0.000,-0.000,0.000
36.817,0.000,-0.000,0.001
36.826,-0.000,-0.000,0.000
36.836,0.000,-0.000,0.000
36.846,0.000,-0.000,0.000
36.856,0.000,-0.000,0.000
36.866,0.000,-0.000,0.000
36.876,0.000,-0.000,-0.000
36.886,0.000,0.000,-0.000
36.897,0.001,0.000,0.000
36.906,0.001,0.000,0.001
36.916,0.000,0.000,0.001
36.926,0.000,0.000,0.000
36.937,0.000,0.000,0.000
36.946,0.000,0.000,0.000
36.956,0.000,0.000,0.000
36.966,0.000,-0.000,0.001
36.976,-0.000,-0.000,0.000
36.986,-0.000,-0.000,0.000
36.996,-0.000,0.000,0.000
37.006,-0.000,0.000,0.001
37.016,-0.000,0.000,0.001
37.026,-0.000,0.000,0.001
37.036,-0.000,0.000,0.000
37.046,0.000,0.000,0.001
37.056,0.000,0.001,0.001
37.067,0.000,0.000,0.001
37.076,0.000,0.000,0.000
37.086,0.000,0.000,0.000
37.096,0.000,-0.000,0.000
37.105,0.000,-0.000,0.001
37.116,0.000,-0.000,0.001
37.126,0.000,-0.000,0.000
37.136,0.000,0.000,0.000
37.146,0.000,-0.000,0.000
37.156,0.000,-0.000,0.000
37.166,0.000,-0.000,0.000
37.176,0.000,-0.000,0.000
37.185,0.000,-0.000,-0.000
37.196,0.000,-0.000,0.000
37.206,0.000,0.000,0.000
37.216,0.000,0.000,-0.000
37.225,0.000,0.000,-0.000
37.236,0.000,0.000,-0.000
37.246,0.000,0.000,0.000
37.256,-0.000,0.000,0.000
37.266,-0.000,0.000,-0.000
37.275,-0.000,0.000,0.000
37.286,-0.000,0.000,0.000
37.296,-0.000,0.000,0.000
37.306,0.000,0.000,0.000
37.315,0.000,0.000,0.000
37.326,-0.000,0.000,0.000
37.336,0.000,0.000,0.001
37.346,0.000,0.000,0.001
37.355,0.000,0.000,0.000
37.366,0.000,0.000,-0.000
37.376,0.000,0.000,-0.001
37.385,0.000,0.000,-0.000
37.395,0.000,0.000,-0.000
37.405,0.000,0.000,-0.000
37.416,0.000,0.000,-0.000
37.426,-0.000,0.001,0.000
37.435,0.000,0.000,0.000
37.445,0.000,0.000,0.000
37.456,-0.000,0.000,0.000
37.466,-0.000,0.000,-0.000
37.475,-0.000,0.000,-0.000
37.485,-0.000,-0.000,-0.000
37.496,0.000,-0.000,0.000
37.506,-0.000,-0.000,-0.001
37.515,-0.000,0.000,-0.000
37.525,-0.000,0.000,-0.000
37.536,-0.000,-0.000,-0.000
37.546,-0.000,-0.000,-0.000
37.555,-0.000,-0.000,-0.001
37.565,-0.000,-0.000,0.000
37.575,-0.000,0.000,0.000
37.586,0.000,0.000,0.000
37.595,0.000,-0.000,0.000
37.605,0.000,-0.000,0.000
37.615,-0.000,-0.000,0.000
37.626,0.000,-0.000,0.000
37.635,0.000,-0.000,0.000
37.645,0.000,-0.001,0.000
37.655,0.000,-0.001,0.000
37.666,0.000,-0.000,0.000
37.676,0.000,-0.000,0.000
37.685,-0.000,-0.000,-0.000
37.695,-0.000,-0.000,-0.000
37.706,-0.001,-0.000,-0.000
37.716,-0.000,-0.000,0.000
37.725,-0.000,-0.000,0.000
37.735,-0.000,-0.000,0.001
37.745,0.000,-0.000,0.000
37.755,0.000,0.000,-0.000
37.765,0.000,0.000,0.000
37.775,-0.000,0.000,0.000
37.785,0.000,0.000,0.000
37.796,0.000,0.000,0.000
37.805,0.000,0.000,0.000
37.815,0.000,0.000,0.000
37.825,0.000,0.000,0.000
37.835,0.000,0.000,0.001
37.845,-0.000,0.000,0.000
37.855,0.000,0.000,0.001
37.865,0.000,0.000,0.000
37.874,-0.000,0.000,-0.001
37.885,-0.000,0.000,-0.001
37.895,-0.000,0.000,-0.001
37.905,-0.000,0.000,-0.001
37.914,-0.000,0.000,-0.001
37.925,-0.000,0.000,-0.001
37.935,0.000,0.000,-0.000
37.945,0.000,-0.000,0.000
37.955,0.000,0.000,0.000
37.965,-0.000,-0.000,0.000
37.975,-0.000,-0.000,-0.000
37.985,-0.000,-0.000,-0.000
37.995,-0.000,-0.000,0.000
38.005,-0.001,0.000,0.000
38.015,-0.001,-0.000,0.001
38.025,-0.001,-0.000,0.000
38.035,-0.000,-0.000,0.000
38.044,-0.000,-0.000,0.001
38.055,-0.000,-0.000,0.001
38.065,-0.000,-0.000,0.001
38.075,-0.000,0.000,0.001
38.084,-0.000,0.000,0.001
38.095,-0.000,0.000,0.001
38.105,-0.000,-0.000,0.001
38.115,-0.000,0.000,0.001
38.124,0.000,0.000,0.000
38.135,-0.000,0.000,0.000
38.145,-0.000,0.000,0.001
38.155,-0.000,0.000,0.001
38.164,0.000,0.000,0.001
38.175,0.000,0.000,0.001
38.185,-0.000,0.000,0.000
38.195,-0.000,0.000,0.000
38.204,-0.000,0.001,0.000
38.214,-0.000,0.001,0.000
38.225,-0.000,0.001,-0.000
38.235,-0.000,0.000,-0.000
38.244,-0.000,0.000,-0.000
38.254,-0.000,0.000,0.000
38.265,-0.000,0.000,-0.000
38.275,-0.000,-0.000,-0.000
38.284,0.000,-0.000,-0.000
38.294,0.000,0.000,0.000
38.305,-0.000,0.000,0.000
38.315,-0.000,0.000,-0.000
38.325,-0.000,0.000,-0.001
38.334,-0.000,0.001,-0.000
38.345,0.000,0.000,0.000
38.355,0.000,0.000,0.000
38.365,0.001,0.001,0.000
38.374,0.000,0.001,0.000
38.384,0.000,0.000,0.001
38.395,0.000,0.000,0.001
38.405,0.000,-0.000,0.000
38.414,-0.000,-0.000,-0.000
38.424,-0.000,-0.000,-0.000
38.435,-0.000,-0.000,-0.000
38.445,-0.000,-0.000,-0.000
38.454,-0.000,0.000,-0.000
38.464,-0.000,0.000,0.000
38.475,-0.000,0.000,-0.000
38.485,0.000,0.000,-0.000
38.494,0.000,0.000,-0.000
38.504,0.000,0.000,-0.000
38.514,0.000,0.000,-0.000
38.524,0.000,0.000,0.000
38.534,-0.000,0.000,0.000
38.544,0.000,0.000,0.000
38.554,0.000,0.000,0.000
38.565,0.000,0.000,0.000
38.574,0.000,0.000,0.001
38.584,0.000,0.000,0.001
38.594,0.000,0.000,0.000
38.605,0.000,-0.000,0.000
38.614,0.000,-0.000,-0.000
38.624,0.000,-0.000,0.000
38.634,0.000,0.000,-0.000
38.645,0.000,0.000,0.000
38.654,0.000,0.000,0.000
38.664,0.000,0.000,0.000
38.674,-0.000,-0.000,0.000
38.684,-0.000,0.000,0.000
38.694,-0.000,0.000,-0.000
38.704,-0.001,0.000,0.000
38.714,-0.000,0.000,0.001
38.724,-0.000,0.000,0.000
38.734,-0.000,-0.000,0.000
38.744,-0.000,0.000,0.000
38.754,-0.000,0.000,0.000
38.764,-0.000,0.000,0.000
38.775,-0.000,0.000,0.000
38.784,-0.000,0.001,-0.000
38.794,-0.000,0.001,-0.000
38.804,0.000,0.000,0.000
38.813,0.000,0.001,-0.000
38.824,0.000,0.001,0.000
38.834,0.000,0.001,-0.000
38.844,0.000,0.001,-0.001
38.853,0.001,0.000,0.000
38.864,0.001,0.000,0.000
38.874,0.001,0.000,0.001
38.884,0.000,0.000,0.000
38.894,0.000,0.001,0.000
38.904,0.000,0.000,0.000
38.914,0.000,0.000,0.000
38.924,-0.000,0.001,0.000
38.933,0.000,0.000,-0.000
38.944,0.000,0.000,-0.000
38.954,0.000,0.000,0.000
38.964,0.000,0.000,0.000
38.973,0.000,0.000,0.000
38.983,0.000,0.000,0.000
38.994,0.000,0.000,-0.000
39.004,0.000,0.000,0.000
39.013,0.000,-0.000,0.000
39.023,0.000,0.000,0.000
39.034,0.000,0.000,0.001
39.044,-0.000,0.000,0.000
39.054,0.000,0.000,0.000
39.063,0.000,0.000,0.001
39.074,0.000,0.000,0.001
39.084,0.000,0.000,0.000
39.094,0.000,-0.000,0.000
39.103,0.000,0.000,0.000
39.114,0.000,0.000,-0.000
39.124,0.000,-0.000,-0.001
39.133,0.000,-0.000,-0.001
39.143,0.000,0.000,-0.000
39.153,0.000,0.000,0.000
39.164,0.000,-0.000,0.000
39.174,0.000,-0.000,0.000
39.183,0.000,-0.000,0.000
39.193,-0.000,-0.000,0.000
39.204,-0.000,0.000,0.001
39.214,0.000,0.000,0.001
39.223,0.000,0.000,0.000
39.233,0.000,0.000,0.000
39.244,0.000,0.000,-0.000
39.254,0.000,0.000,-0.000
39.263,0.000,0.000,-0.000
39.273,0.000,0.000,-0.000
39.284,0.000,-0.000,0.000
39.294,0.000,-0.000,0.000
39.303,0.000,0.000,0.001
39.313,0.000,0.000,0.001
39.323,0.000,-0.000,0.001
39.334,0.000,-0.000,0.000
39.343,-0.000,-0.000,0.001
39.353,-0.000,-0.000,0.001
39.363,-0.000,-0.000,0.001
39.374,-0.000,0.000,0.001
39.383,0.000,0.000,0.000
39.393,0.000,0.000,0.000
39.403,0.000,0.000,-0.000
39.414,0.000,-0.000,0.000
39.424,0.000,0.000,-0.000
39.433,0.000,0.000,0.000
39.443,0.000,-0.000,0.000
39.453,0.000,-0.000,0.000
39.463,-0.000,-0.000,0.000
39.473,-0.000,-0.000,0.000
39.483,-0.000,0.000,0.000
39.493,0.000,0.000,0.000
39.504,-0.000,0.000,0.000
39.513,-0.000,-0.000,-0.000
39.523,-0.000,-0.000,0.000
39.533,0.000,0.000,0.000
39.544,0.000,-0.000,-0.000
39.553,0.000,-0.000,-0.001
39.563,0.000,-0.000,-0.001
39.573,0.000,0.000,-0.000
39.584,0.000,0.000,0.000
39.593,0.000,0.000,0.000
39.603,0.000,0.000,-0.000
39.613,0.000,0.000,0.000
39.623,0.000,0.000,0.000
39.633,0.000,0.001,0.000
39.643,0.000,0.001,0.001
39.653,-0.000,0.001,0.000
39.663,-0.000,0.000,0.001
39.673,-0.001,0.000,0.001
39.683,-0.000,0.000,0.001
39.693,-0.000,0.000,0.001
39.703,-0.000,0.000,0.000
39.713,0.000,-0.000,0.000
39.723,0.000,-0.000,0.000
39.733,0.000,-0.000,0.001
39.743,0.000,-0.000,0.000
39.753,0.000,-0.000,0.000
39.763,0.000,-0.000,0.000
39.773,0.000,-0.000,0.001
39.783,0.000,-0.000,0.001
39.792,0.000,-0.000,0.001
39.803,0.000,0.000,0.000
39.813,0.000,0.000,0.000
39.823,0.000,0.000,0.000
39.833,0.000,-0.000,0.000
39.843,0.000,-0.000,0.000
39.853,0.000,-0.000,-0.001
39.863,0.000,-0.000,-0.001
39.872,0.000,0.000,-0.000
39.883,0.001,-0.000,0.000
39.893,0.000,0.000,0.000
39.903,-0.000,0.000,0.000
39.912,-0.000,0.000,0.000
39.922,-0.001,0.000,0.000
39.933,-0.001,0.000,0.001
39.943,-0.000,0.000,0.000
39.953,-0.000,0.000,0.000
39.962,-0.000,0.001,0.000
39.973,-0.000,0.001,0.000
39.983,-0.000,0.000,0.001
39.993,0.000,0.000,0.000
40.002,0.000,0.000,0.000
40.013,0.000,0.000,-0.000
40.023,0.000,0.000,0.000
40.032,0.000,-0.000,0.000
40.042,0.000,-0.000,0.000
40.053,0.000,-0.000,-0.000
40.063,0.000,-0.000,-0.000
40.073,0.000,-0.001,0.000
40.082,0.000,-0.001,0.000
40.092,0.000,-0.001,0.000
40.103,0.000,-0.000,0.000
40.112,0.000,-0.001,0.000
40.122,0.000,-0.000,0.000
40.132,0.000,-0.000,0.001
40.143,0.000,-0.000,0.001
40.153,0.000,-0.000,0.000
40.162,-0.000,0.000,0.000
40.172,0.000,0.000,0.000
40.183,0.000,0.000,0.000
40.193,0.000,0.000,0.000
40.202,0.000,0.000,0.000
40.212,-0.000,-0.000,-0.000
40.223,-0.000,0.000,-0.000
40.232,-0.000,0.000,-0.000
40.242,-0.000,0.000,0.000
40.252,-0.000,0.000,-0.000
40.262,-0.000,0.000,-0.000
40.273,-0.000,0.000,-0.000
40.282,-0.000,0.000,-0.000
40.292,0.000,0.000,0.000
40.302,0.000,-0.000,0.000
40.313,0.000,-0.000,0.000
40.322,0.000,0.000,0.000
40.332,0.000,0.000,0.000
40.342,0.000,0.000,0.001
40.353,0.000,0.000,0.001
40.362,-0.000,0.000,0.001
40.372,0.000,0.000,0.001
40.382,0.000,0.000,0.001
40.393,0.000,0.000,0.001
40.403,0.000,0.000,0.002
40.412,-0.000,0.000,0.001
40.422,-0.000,0.001,0.001
40.432,-0.000,0.000,0.000
40.442,-0.000,0.000,0.000
40.452,-0.000,0.000,0.001
40.462,0.000,0.000,0.000
40.472,0.000,0.000,0.000
40.482,-0.000,0.000,-0.000
40.492,-0.000,0.000,-0.000
40.502,-0.000,0.000,0.000
40.512,-0.000,0.000,0.000
40.523,-0.000,0.000,0.001
40.532,-0.000,0.000,0.000
40.542,-0.000,-0.000,0.001
40.552,-0.000,-0.000,0.000
40.562,0.000,-0.001,0.001
40.572,-0.000,-0.000,0.001
40.582,0.000,-0.000,0.001
40.592,0.000,-0.000,0.001
40.602,0.000,0.000,0.001
40.612,0.001,0.000,0.001
40.622,0.000,0.000,0.000
40.632,0.000,0.000,0.000
40.641,0.000,0.000,-0.000
40.652,0.000,0.000,0.000
40.662,0.000,0.000,0.000
40.672,0.000,0.000,-0.000
40.682,-0.000,0.001,-0.001
40.692,0.000,0.001,-0.000
40.702,0.000,0.001,0.000
40.712,0.000,0.000,0.000
40.722,0.000,0.000,-0.000
40.731,0.000,0.000,-0.001
40.742,-0.000,0.000,-0.001
40.752,-0.000,0.000,-0.001
40.762,0.000,0.000,-0.001
40.771,-0.000,0.000,-0.001
40.782,-0.000,-0.000,-0.001
40.792,0.000,-0.000,-0.000
40.802,-0.000,-0.000,-0.000
40.811,0.000,0.000,0.000
40.822,-0.000,0.000,0.000
40.832,-0.000,0.000,0.000
40.842,-0.000,0.000,0.000
40.852,-0.000,0.000,0.000
40.861,-0.000,0.000,0.000
40.872,-0.000,0.000,-0.000
40.882,-0.000,0.000,0.000
40.891,-0.000,0.001,0.000
40.901,-0.000,0.000,0.000
40.912,-0.000,0.000,0.000
40.922,0.000,0.000,0.000
40.932,0.000,0.000,-0.000
40.941,0.000,0.000,0.000
40.952,0.000,0.000,0.000
40.962,0.000,0.000,-0.000
40.971,0.000,-0.000,0.000
40.981,-0.000,-0.000,0.000
40.992,-0.000,-0.000,0.000
41.002,0.000,-0.000,0.000
41.011,0.000,-0.000,0.000
41.021,-0.000,-0.000,0.000
41.031,0.000,0.000,0.000
41.042,-0.000,-0.000,0.000
41.052,0.000,-0.000,0.000
41.061,0.000,-0.000,0.000
41.071,0.000,-0.000,0.000
41.082,0.000,-0.000,0.001
41.092,-0.000,0.000,0.000
41.101,-0.000,0.000,0.000
41.111,-0.000,0.000,0.000
41.122,-0.000,0.000,-0.000
41.131,-0.000,0.000,0.000
41.141,-0.000,0.000,0.000
41.151,-0.000,-0.000,0.000
41.162,-0.000,0.000,-0.000
41.172,-0.000,0.000,-0.000
41.181,-0.000,-0.000,0.000
41.191,0.000,-0.000,0.001
41.201,0.000,-0.000,0.000
41.212,-0.000,0.000,0.000
41.221,-0.000,-0.000,0.000
41.231,-0.000,-0.000,0.000
41.241,-0.000,-0.000,0.001
41.251,-0.000,-0.000,0.000
41.261,-0.000,-0.000,0.000
41.271,-0.000,-0.000,0.000
41.281,0.000,-0.000,0.001
41.292,0.000,-0.000,0.001
41.301,0.000,-0.000,0.001
41.311,0.000,0.000,0.000
41.321,0.000,-0.000,0.000
41.332,0.000,0.000,0.000
41.341,0.000,0.000,0.000
41.351,0.001,0.000,0.000
41.361,0.000,0.000,0.000
41.371,0.000,0.000,0.000
41.381,0.000,0.000,0.001
41.391,0.000,0.000,0.000
41.401,0.000,0.000,0.000
41.411,0.000,0.000,-0.000
41.421,0.000,-0.000,0.000
41.431,-0.000,-0.000,0.000
41.441,-0.000,0.000,0.000
41.451,-0.000,-0.000,0.000
41.462,-0.000,0.000,-0.000
41.471,-0.000,0.000,-0.001
41.481,0.000,0.000,-0.001
41.491,-0.000,0.000,-0.000
41.500,-0.000,0.000,-0.000
41.511,-0.000,0.000,-0.000
41.521,-0.000,0.000,-0.000
41.531,0.000,0.000,0.001
41.541,0.000,0.000,0.001
41.551,0.000,0.000,0.000
41.561,-0.000,0.000,0.000
41.571,-0.000,0.000,0.000
41.581,0.000,-0.000,0.000
41.591,0.000,0.000,0.001
41.601,0.000,0.000,0.001
41.611,0.000,0.000,0.000
41.621,0.000,-0.000,0.000
41.631,0.000,0.000,-0.000
41.641,0.000,0.000,0.000
41.651,0.000,0.000,0.000
41.660,0.000,0.000,-0.000
41.670,0.000,0.000,0.000
41.681,0.000,0.000,0.000
41.691,0.000,0.000,0.001
41.700,-0.000,0.000,0.000
41.710,0.000,0.000,-0.000
41.721,0.000,0.000,-0.000
41.731,0.000,0.000,0.000
41.741,-0.000,-0.000,0.001
41.750,0.000,-0.000,0.000
41.761,-0.000,-0.000,0.000
41.771,-0.000,-0.000,-0.000
41.781,0.000,-0.000,0.000
41.790,0.000,-0.000,0.000
41.801,0.000,-0.000,0.001
41.811,0.000,0.000,0.000
41.821,0.000,0.000,0.000
41.830,0.000,0.000,0.000
41.840,0.000,0.000,0.000
41.851,0.000,0.000,0.000
41.861,-0.000,0.000,0.000
41.870,-0.000,0.000,-0.000
41.880,0.000,0.000,0.000
41.891,0.000,0.000,0.000
41.901,0.000,0.000,0.000
41.910,0.000,0.000,-0.000
41.920,0.000,0.000,-0.000
41.931,-0.000,0.000,-0.000
41.941,-0.000,-0.000,0.000
41.950,-0.000,-0.000,0.000
41.960,-0.000,-0.000,0.000
41.970,-0.000,-0.000,-0.000
41.981,-0.000,0.000,-0.000
41.990,-0.000,0.000,0.000
42.000,-0.000,0.000,0.001
42.010,-0.000,0.000,0.001
42.021,0.000,0.000,0.000
42.030,0.000,0.000,0.001
42.040,0.000,0.000,0.000
42.050,0.000,0.000,0.001
42.061,0.000,0.000,0.000
42.070,0.000,0.000,-0.000
42.080,0.000,-0.000,0.000
42.090,0.000,-0.000,0.001
42.101,0.000,-0.000,0.001
42.110,-0.000,-0.000,0.000
42.120,-0.000,-0.000,-0.000
42.130,-0.000,0.000,-0.000
42.140,0.000,0.000,0.000
42.151,-0.000,0.000,0.000
42.160,-0.000,-0.000,-0.000
42.170,-0.000,0.000,-0.000
42.180,-0.000,0.000,-0.001
42.190,-0.000,0.000,0.000
42.200,-0.001,0.000,0.000
42.210,-0.000,-0.000,0.000
42.220,-0.000,-0.000,0.000
42.231,-0.000,-0.000,0.000
42.240,-0.000,-0.000,0.001
42.250,-0.000,-0.000,0.000
42.260,0.000,-0.000,0.000
42.271,0.000,0.000,-0.000
42.280,0.000,0.000,0.000
42.290,0.000,0.000,0.000
42.300,0.000,0.000,0.000
42.310,0.000,0.001,-0.000
42.320,0.000,0.001,0.000
42.330,0.000,0.000,-0.000
42.340,0.000,0.000,0.000
42.350,0.000,-0.000,-0.000
42.360,0.000,-0.000,-0.000
42.370,0.000,-0.000,0.000
42.380,0.000,0.000,0.000
42.390,0.000,-0.000,0.001
42.400,-0.000,-0.000,0.001
42.410,0.000,-0.000,0.001
42.420,-0.000,0.000,0.000
42.430,-0.000,0.000,0.000
42.439,-0.000,0.000,0.000
42.450,-0.000,0.000,-0.000
42.460,-0.000,0.000,0.000
42.470,0.000,0.000,-0.000
42.479,0.000,0.000,0.000
42.490,0.000,0.000,0.000
42.500,0.000,0.000,0.000
42.510,0.000,0.000,0.000
42.519,0.000,0.000,0.001
42.530,-0.000,-0.000,0.000
42.540,0.000,-0.000,0.000
42.550,0.000,-0.000,0.001
42.560,-0.000,0.000,0.001
42.570,-0.000,0.000,0.001
42.580,-0.000,0.000,0.001
42.590,-0.000,0.000,0.001
42.599,-0.000,0.000,0.001
42.609,-0.000,0.000,0.001
42.620,-0.000,0.000,0.001
42.630,0.000,0.000,0.000
42.640,-0.000,0.000,0.000
42.649,-0.000,0.000,0.000
42.660,0.000,0.000,0.000
42.670,0.000,0.000,0.001
42.679,0.000,0.000,0.001
42.689,0.000,-0.000,0.001
42.700,0.000,-0.000,0.000
42.710,0.000,-0.000,0.000
42.720,0.000,-0.000,0.000
42.729,0.000,-0.000,0.000
42.740,0.000,0.000,-0.001
42.750,0.000,-0.000,-0.001
42.760,0.000,-0.000,-0.001
42.769,0.001,0.000,-0.000
42.779,0.001,-0.000,0.000
42.790,0.001,-0.000,-0.000
42.799,0.001,-0.000,0.000
42.809,0.001,-0.000,0.000
42.819,0.000,0.000,0.000
42.830,0.000,0.000,0.000
42.840,0.000,0.000,0.000
42.849,0.000,-0.000,0.000
42.859,0.000,-0.000,-0.000
42.870,0.000,0.000,0.000
42.880,0.000,0.000,-0.000
42.889,0.000,0.000,-0.000
42.899,-0.000,0.000,-0.000
42.909,-0.000,0.000,-0.000
42.920,-0.000,0.000,-0.000
42.929,-0.000,0.000,-0.000
42.939,-0.000,0.000,-0.000
42.949,-0.000,0.000,-0.000
42.960,-0.000,-0.000,-0.000
42.969,-0.000,-0.000,0.000
42.979,-0.000,-0.000,0.000
42.989,0.000,-0.000,0.000
43.000,0.000,0.000,-0.000
43.009,-0.000,0.000,-0.000
43.019,0.000,0.000,0.000
43.029,-0.000,-0.000,0.000
43.040,0.000,0.000,0.000
43.050,-0.000,0.000,-0.000
43.059,0.000,0.000,-0.000
43.069,0.000,0.000,0.000
43.079,0.000,0.000,-0.000
43.090,0.000,0.000,0.000
43.099,0.000,0.000,0.000
43.109,0.000,0.000,-0.000
43.119,0.000,0.000,-0.000
43.129,-0.000,0.000,-0.000
43.139,-0.000,-0.000,-0.001
43.149,-0.000,-0.000,-0.001
43.159,-0.001,0.000,-0.001
43.169,-0.000,0.000,-0.001
43.179,-0.000,0.000,-0.000
43.189,-0.000,0.000,-0.001
43.199,0.000,0.000,-0.000
43.210,0.000,0.000,-0.000
43.219,0.000,0.000,-0.000
43.229,0.000,0.000,-0.000
43.239,0.000,0.000,-0.000
43.249,0.000,0.000,0.000
43.259,0.000,0.000,-0.000
43.269,0.000,-0.000,0.000
43.279,0.000,-0.000,-0.000
43.289,0.000,-0.000,-0.000
43.299,0.000,-0.000,0.000
43.309,0.000,-0.000,0.001
43.319,0.000,0.000,0.000
43.329,0.000,-0.000,0.000
43.339,0.000,-0.000,-0.000
43.349,0.000,0.000,-0.000
43.359,0.000,-0.000,0.000
43.368,0.000,-0.000,0.000
43.378,0.000,-0.000,0.000
43.389,0.000,-0.001,0.000
43.399,0.000,-0.001,0.000
43.409,0.000,-0.001,0.001
43.418,0.000,-0.000,0.000
43.429,0.000,-0.000,0.000
43.439,0.000,-0.000,-0.000
43.449,-0.000,0.000,0.000
43.458,-0.000,0.000,0.000
43.469,0.000,0.001,0.000
43.479,-0.000,0.001,0.000
43.489,-0.000,0.001,0.001
43.498,0.000,0.001,0.001
43.509,0.000,0.000,0.001
43.519,0.000,0.000,0.001
43.528,0.000,0.000,0.000
43.538,0.000,0.000,0.000
43.548,0.000,0.000,0.000
43.559,0.000,0.000,0.000
43.569,0.000,0.000,0.000
43.578,0.000,0.000,-0.000
43.588,0.000,0.000,-0.000
43.599,0.000,0.000,0.000
43.609,0.000,0.000,0.000
43.618,0.000,0.000,0.000
43.628,0.000,0.000,0.000
43.639,-0.000,0.000,0.000
43.649,0.000,0.000,0.000
43.658,-0.000,0.000,-0.000
43.668,0.000,0.000,0.000
43.679,0.000,0.000,0.000
43.689,-0.000,0.000,0.000
43.699,-0.000,0.000,0.001
43.708,0.000,0.000,0.000
43.718,0.000,0.000,0.000
43.729,0.000,-0.000,0.000
43.738,0.000,-0.000,0.000
43.748,0.000,-0.000,0.001
43.758,0.000,0.000,0.001
43.769,0.000,-0.000,0.000
43.779,0.000,0.000,0.000
43.788,0.000,0.000,0.000
43.798,0.000,0.000,0.001
43.809,0.000,0.000,0.001
43.819,-0.000,0.000,0.000
43.828,0.000,-0.000,0.000
43.838,-0.000,-0.000,0.001
43.849,-0.000,-0.000,0.000
43.859,-0.000,0.000,0.000
43.868,0.000,0.000,-0.000
43.878,0.000,0.000,0.000
43.888,0.000,0.000,0.000
43.899,0.000,0.000,0.000
43.908,0.000,0.001,0.000
43.918,0.000,0.001,0.000
43.928,0.000,0.000,0.000
43.938,0.000,0.000,-0.000
43.948,0.000,0.000,0.000
43.958,0.000,0.000,-0.000
43.968,0.000,0.000,-0.000
43.979,0.000,0.000,-0.000
43.988,0.000,-0.000,0.000
43.998,0.000,-0.000,0.001
44.008,0.000,-0.000,0.000
44.017,0.000,-0.000,0.000
44.028,-0.000,0.000,0.000
44.038,-0.000,0.000,0.001
44.048,-0.000,0.000,0.000
44.058,-0.000,-0.000,0.000
44.068,-0.000,0.000,0.000
44.078,0.000,0.000,0.000
44.088,-0.000,0.000,0.000
44.098,-0.000,0.000,0.000
44.109,-0.000,0.000,0.000
44.118,-0.000,0.000,-0.000
44.128,-0.000,0.000,0.000
44.138,-0.000,-0.000,0.000
44.148,0.000,0.000,0.001
44.158,-0.000,-0.000,0.000
44.168,-0.000,-0.000,0.000
44.178,-0.000,-0.000,0.000
44.188,-0.000,0.000,0.001
44.198,-0.000,0.000,0.000
44.208,0.000,0.000,0.000
44.218,0.000,0.000,0.000
44.227,-0.000,0.000,0.000
44.238,0.000,-0.000,0.000
44.248,0.000,-0.000,0.000
44.258,0.000,-0.000,0.000
44.267,0.000,0.000,-0.000
44.278,0.000,0.000,0.000
44.288,-0.000,-0.000,0.000
44.298,-0.000,-0.000,0.000
44.308,0.000,-0.000,-0.000
44.317,-0.000,-0.000,-0.000
44.328,0.000,0.000,0.000
44.338,-0.000,0.000,0.000
44.348,-0.000,0.000,0.001
44.357,-0.000,0.000,0.000
44.368,0.000,0.000,0.000
44.378,0.000,0.000,0.000
44.388,0.000,0.000,0.000
44.397,0.000,0.000,0.001
44.408,0.000,0.000,0.000
44.418,0.000,0.000,0.000
44.428,0.000,0.000,0.000
44.437,0.000,-0.000,0.001
44.448,0.000,-0.000,0.000
44.458,0.000,0.000,-0.000
44.468,0.000,0.000,-0.000
44.477,0.000,0.000,-0.000
44.487,0.000,0.000,0.000
44.498,0.000,0.000,0.000
44.507,0.000,0.000,-0.000
44.517,0.000,0.000,0.000
44.527,0.000,0.000,0.000
44.538,0.000,0.000,0.000
44.548,0.000,0.000,0.000
44.557,-0.000,0.000,-0.000
44.567,-0.000,0.000,0.000
44.578,-0.000,0.000,0.001
44.588,-0.000,0.000,0.000
44.597,-0.000,0.000,0.001
44.607,-0.001,0.000,0.001
44.618,-0.000,0.000,0.000
44.628,-0.000,0.000,0.000
44.637,0.000,0.000,0.001
44.647,0.000,0.000,0.001
44.657,0.000,0.000,0.001
44.668,0.000,0.000,0.001
44.677,0.000,0.000,0.000
44.687,0.000,-0.000,0.001
44.697,0.000,-0.000,0.000
44.708,0.000,0.000,0.000
44.717,0.000,0.000,0.000
44.727,0.000,0.000,0.000
44.737,0.000,0.000,0.000
44.748,0.000,0.000,-0.000
44.758,0.000,0.000,0.000
44.767,-0.000,0.000,0.000
44.777,-0.000,0.000,0.001
44.788,-0.000,0.000,0.000
44.797,-0.000,0.000,-0.000
44.807,-0.000,0.000,0.000
44.817,-0.000,0.000,0.000
44.827,0.000,0.000,0.000
44.838,0.000,0.000,-0.000
44.847,0.000,-0.000,-0.001
44.857,0.000,0.000,-0.000
44.867,0.000,0.000,0.000
44.878,0.000,0.000,0.000
44.887,0.000,0.000,0.000
44.897,0.000,0.000,-0.000
44.907,0.000,-0.000,-0.000
44.918,-0.000,0.000,0.000
44.927,-0.000,0.000,0.001
44.937,0.000,0.000,0.001
44.947,0.000,0.000,0.000
44.957,0.000,0.000,0.001
44.967,0.000,0.000,0.001
44.977,0.000,-0.000,0.001
44.987,0.000,-0.000,0.001
44.996,-0.000,-0.000,0.000
45.007,0.000,-0.000,0.001
45.017,-0.000,0.000,0.000
45.027,-0.000,-0.000,0.000
45.037,-0.000,-0.000,0.000
45.047,-0.000,-0.000,-0.000
45.057,-0.001,-0.000,-0.000
45.067,-0.000,-0.000,-0.001
45.077,0.000,-0.000,-0.000
45.087,0.000,0.000,-0.000
45.097,0.000,-0.000,0.000
45.107,0.000,-0.000,0.000
45.117,0.000,-0.000,0.000
45.126,-0.000,-0.000,0.000
45.137,-0.000,0.000,0.000
45.147,-0.000,0.000,0.000
45.157,-0.001,0.000,0.000
45.166,-0.001,0.000,0.000
45.177,-0.000,0.000,0.000
45.187,-0.000,0.000,0.000
45.197,-0.001,0.000,0.000
45.206,-0.000,0.000,0.000
45.217,-0.001,0.000,0.001
45.227,-0.000,0.000,0.001
45.237,-0.000,0.000,0.001
45.247,-0.000,0.000,0.001
45.257,0.000,0.000,0.001
45.267,-0.000,0.000,0.000
45.277,-0.000,0.000,0.000
45.286,-0.000,-0.000,-0.000
45.296,-0.000,-0.000,-0.000
45.307,-0.000,-0.000,-0.000
45.317,-0.000,-0.000,-0.000
45.327,-0.000,-0.000,0.000
45.336,-0.000,-0.000,0.000
45.347,-0.000,0.000,0.000
45.357,-0.000,0.000,-0.000
45.366,0.000,-0.000,0.000
45.376,-0.000,-0.000,0.000
45.387,-0.000,-0.000,-0.000
45.397,-0.000,-0.000,-0.000
45.406,-0.000,-0.000,-0.000
45.416,-0.000,-0.000,0.000
45.426,-0.000,-0.000,0.000
45.437,-0.000,-0.000,0.000
45.446,-0.000,-0.000,-0.000
45.456,-0.000,-0.000,-0.000
45.466,0.000,-0.000,0.000
45.477,0.000,-0.000,0.001
45.487,0.000,-0.000,0.000
45.496,0.000,-0.000,-0.000
45.506,0.000,-0.000,-0.000
45.517,0.000,0.000,-0.001
45.527,0.000,0.000,-0.000
45.536,-0.000,0.000,-0.000
45.546,0.000,-0.000,0.000
45.557,0.000,-0.000,-0.000
45.567,0.000,-0.000,-0.000
45.576,-0.000,-0.000,-0.000
45.586,-0.000,-0.000,-0.000
45.596,-0.000,-0.000,-0.000
45.607,0.000,-0.000,-0.000
45.616,0.000,-0.000,0.000
45.626,0.000,-0.000,-0.000
45.636,0.000,-0.000,-0.000
45.647,0.000,-0.000,-0.000
45.656,0.000,-0.000,-0.000
45.666,0.000,-0.000,-0.000
45.676,0.000,-0.000,0.000
45.687,0.000,-0.000,0.000
45.696,0.000,0.000,0.000
45.706,0.000,0.000,0.000
45.716,-0.000,0.000,0.001
45.727,-0.000,0.000,0.001
45.737,-0.000,0.000,0.000
45.746,0.000,-0.000,0.000
45.756,0.000,0.000,0.000
45.766,0.000,0.000,0.001
45.777,0.000,0.000,0.001
45.786,0.000,-0.000,0.000
45.796,0.000,-0.000,0.000
45.806,-0.000,-0.000,-0.000
45.816,0.000,-0.000,-0.000
45.826,-0.000,-0.000,0.000
45.836,0.000,0.000,-0.000
45.846,0.000,0.000,-0.000
45.856,0.000,0.000,0.000
45.866,-0.000,0.000,0.000
45.876,-0.000,0.000,0.000
45.886,0.000,0.000,-0.000
45.895,-0.000,0.000,-0.000
45.906,-0.000,-0.000,0.000
45.916,-0.000,-0.000,0.000
45.926,-0.000,-0.000,0.000
45.936,-0.000,0.000,-0.000
45.946,-0.000,0.000,-0.000
45.956,0.000,0.000,0.000
45.966,-0.000,0.000,0.000
45.975,0.000,0.000,0.000
45.986,0.000,0.000,0.000
45.996,0.000,0.000,0.001
46.006,0.000,0.000,0.001
46.016,0.000,-0.000,0.000
46.026,-0.000,-0.000,0.000
46.036,-0.000,-0.000,-0.000
46.046,0.000,-0.000,0.000
46.056,0.000,0.000,0.000
46.065,0.000,-0.000,0.000
46.076,0.000,-0.000,-0.000
46.086,-0.000,0.000,-0.000
46.096,-0.000,0.000,0.000
46.105,0.000,0.000,0.000
46.116,0.000,0.000,0.000
46.126,-0.000,0.000,-0.000
46.136,-0.000,0.000,-0.000
46.145,-0.000,0.000,-0.000
46.156,-0.000,0.000,0.000
46.166,-0.000,-0.000,0.000
46.176,-0.000,-0.000,-0.000
46.185,-0.000,-0.000,-0.000
46.196,-0.000,-0.000,-0.000
46.206,0.000,0.000,0.001
46.216,0.000,0.000,0.001
46.225,0.000,0.000,0.000
46.235,-0.000,0.000,-0.000
46.246,0.000,0.000,-0.001
46.256,-0.000,0.001,-0.001
46.265,0.000,0.001,-0.000
46.275,0.000,0.001,-0.000
46.286,0.000,0.000,0.000
46.296,0.000,0.000,0.000
46.306,0.000,-0.000,0.000
46.315,0.000,-0.000,0.000
46.326,0.000,-0.000,-0.000
46.336,0.000,-0.000,-0.000
46.345,-0.000,-0.000,-0.000
46.355,0.000,-0.000,0.000
46.365,-0.000,-0.000,0.000
46.376,-0.000,0.000,0.000
46.385,0.000,0.001,0.000
46.395,-0.000,0.001,-0.000
46.405,-0.000,0.001,0.000
46.416,-0.000,0.001,0.000
46.426,-0.000,0.001,0.000
46.435,-0.000,0.000,-0.000
46.445,-0.000,0.000,0.000
46.456,-0.000,0.000,0.000
46.465,-0.000,0.000,0.000
46.475,-0.000,0.000,0.000
46.485,-0.001,0.000,-0.001
46.496,-0.000,0.000,-0.000
46.506,-0.000,-0.000,-0.000
46.515,0.000,-0.000,-0.000
46.525,0.000,-0.000,-0.000
46.535,0.000,-0.000,0.000
46.545,0.000,0.000,0.001
46.555,0.000,-0.000,0.001
46.565,0.000,-0.000,0.000
46.575,0.000,0.000,0.000
46.586,0.001,0.000,0.001
46.595,0.000,-0.000,0.001
46.605,0.000,-0.000,0.001
46.615,-0.000,0.000,0.001
46.625,-0.000,0.000,0.000
46.635,-0.000,-0.000,0.000
46.645,-0.000,0.000,-0.000
46.655,-0.000,0.000,0.001
46.666,-0.001,0.000,0.000
46.675,-0.000,-0.000,0.000
46.685,-0.000,0.000,-0.000
46.695,-0.000,-0.000,0.000
46.705,0.000,0.000,0.000
46.715,0.000,0.000,0.000
46.725,0.000,0.000,0.000
46.735,0.000,0.000,0.000
46.745,0.000,-0.000,0.001
46.755,0.000,-0.000,0.001
46.765,0.000,-0.000,0.001
46.775,-0.000,-0.000,0.000
46.785,-0.000,-0.000,0.000
46.795,-0.000,-0.000,0.001
46.805,0.000,-0.000,0.001
46.815,0.000,-0.000,0.001
46.825,-0.000,0.000,0.000
46.836,-0.000,-0.000,0.000
46.845,0.000,-0.000,0.000
46.855,0.000,0.000,0.001
46.865,0.000,0.000,0.001
46.874,0.001,0.000,0.000
46.885,0.000,0.000,0.000
46.895,0.000,0.000,0.000
46.905,0.000,0.000,0.001
46.914,0.000,0.000,0.000
46.925,0.000,-0.000,0.000
46.935,0.000,-0.000,0.000
46.945,0.000,0.000,0.001
46.955,-0.000,0.000,0.001
46.965,-0.000,0.000,0.000
46.975,-0.000,0.000,0.000
46.985,-0.000,0.000,0.000
46.994,-0.000,0.000,0.000
47.004,0.000,0.000,0.000
47.015,0.000,0.000,0.001
47.025,-0.000,0.000,-0.000
47.035,0.000,0.000,0.000
47.044,-0.000,0.000,0.000
47.055,0.000,0.000,0.001
47.065,-0.000,0.000,0.000
47.075,-0.000,0.000,0.000
47.084,-0.001,0.000,0.001
47.095,-0.001,0.000,0.001
47.105,-0.000,0.000,0.001
47.115,-0.001,0.000,0.000
47.124,-0.000,0.000,0.000
47.135,-0.000,0.000,0.000
47.145,0.000,0.000,0.000
47.155,-0.000,-0.000,0.000
47.164,0.000,0.000,0.000
47.174,-0.000,-0.000,0.000
47.185,0.000,-0.000,0.000
47.195,0.000,-0.000,0.000
47.204,0.000,-0.000,-0.000
47.214,-0.000,-0.000,-0.000
47.225,-0.000,-0.000,-0.000
47.235,-0.000,-0.000,-0.001
47.244,-0.000,0.000,-0.000
47.254,0.000,0.000,0.000
47.265,0.000,0.000,0.000
47.275,0.000,0.000,-0.000
47.284,0.001,0.000,-0.000
47.294,0.000,0.000,-0.000
47.305,0.000,0.000,0.000
47.315,0.000,0.000,-0.000
47.324,0.000,0.000,-0.000
47.334,0.000,0.000,-0.000
47.344,0.000,0.000,0.000
47.355,0.000,-0.000,0.000
47.364,-0.000,-0.000,-0.001
47.374,-0.000,-0.000,-0.000
47.384,-0.000,-0.000,-0.001
47.395,-0.000,-0.000,-0.000
47.405,-0.000,-0.000,-0.000
47.414,-0.000,0.000,-0.000
47.424,-0.000,0.000,0.000
47.435,-0.000,0.000,-0.000
47.445,0.000,0.000,0.000
47.454,-0.000,0.000,0.000
47.464,-0.000,0.000,-0.000
47.474,-0.000,0.000,-0.001
47.484,-0.000,0.000,0.000
47.494,-0.000,0.000,0.000
47.504,-0.000,0.000,-0.000
47.514,0.000,0.000,-0.000
47.524,-0.000,0.000,-0.001
47.534,-0.000,0.000,-0.001
47.544,0.000,0.000,-0.001
47.554,0.000,0.000,-0.001
47.565,0.000,0.000,-0.001
47.574,0.000,-0.000,-0.001
47.584,0.000,-0.000,-0.000
47.594,0.000,-0.000,0.000
47.604,0.000,0.000,0.000
47.614,-0.000,0.000,-0.001
47.624,-0.000,-0.000,-0.001
47.634,-0.000,-0.000,-0.001
47.644,0.000,-0.000,-0.001
47.654,0.000,-0.000,-0.001
47.664,0.000,-0.000,-0.001
47.674,-0.000,-0.000,-0.000
47.683,-0.000,-0.000,-0.000
47.694,-0.000,-0.000,0.000
47.704,0.000,0.000,0.000
47.714,0.000,0.000,0.000
47.724,0.000,-0.000,-0.000
47.734,0.000,-0.000,-0.000
47.744,-0.000,-0.000,0.000
47.754,-0.000,0.000,0.000
47.764,-0.000,0.000,0.001
47.773,-0.000,0.000,0.000
47.784,-0.000,0.000,0.001
47.794,-0.000,0.000,0.000
47.804,0.000,0.000,0.000
47.813,0.000,0.000,-0.000
47.824,0.000,0.000,-0.000
47.834,0.000,-0.000,-0.000
47.844,0.000,-0.000,-0.000
47.853,0.000,-0.000,-0.000
47.864,0.000,0.000,-0.001
47.874,0.000,0.000,0.000
47.884,0.000,0.000,0.000
47.894,0.000,0.000,0.000
47.904,0.000,0.000,-0.000
47.914,0.000,0.001,0.000
47.924,0.000,0.000,0.000
47.933,0.000,0.000,0.000
47.943,0.000,0.000,0.000
47.954,0.000,0.000,0.000
47.964,0.000,0.000,0.000
47.973,0.000,0.000,0.000
47.983,0.000,0.000,0.001
47.994,0.000,0.000,0.000
48.004,0.000,0.000,0.001
48.014,0.000,0.000,0.000
48.023,0.000,0.000,0.000
48.034,0.000,0.000,0.000
48.044,0.000,-0.000,0.000
48.053,0.000,-0.000,0.000
48.063,0.000,-0.000,-0.000
48.074,0.000,-0.001,0.000
48.084,0.000,-0.000,0.000
48.093,-0.000,-0.000,0.000
48.103,-0.000,-0.000,0.000
48.113,-0.000,-0.000,-0.000
48.124,-0.000,0.000,0.000
48.133,-0.000,-0.000,0.000
48.143,-0.000,0.000,0.000
48.153,-0.000,0.000,-0.000
48.164,-0.000,0.000,-0.000
48.173,-0.001,0.000,-0.000
48.183,-0.000,0.000,-0.000
48.193,-0.000,0.000,-0.000
48.204,-0.001,0.000,-0.001
48.213,-0.000,0.001,-0.000
48.223,-0.000,0.000,-0.000
48.233,-0.000,0.000,0.000
48.244,-0.000,0.000,-0.000
48.254,0.000,0.000,-0.000
48.263,-0.000,0.000,-0.000
48.273,0.000,0.000,-0.001
48.283,0.000,0.000,0.000
48.293,0.000,0.000,0.000
48.303,0.000,0.000,0.000
48.313,-0.000,0.000,-0.000
48.323,-0.000,0.000,0.000
48.333,-0.000,-0.000,0.000
48.343,-0.000,-0.000,0.001
48.353,-0.000,-0.000,0.000
48.363,-0.001,-0.000,-0.001
48.374,-0.001,-0.000,-0.001
48.383,-0.000,-0.000,0.000
48.393,0.000,-0.000,0.001
48.403,0.000,0.000,0.000
48.413,-0.000,-0.000,-0.000
48.423,-0.001,-0.001,-0.000
48.433,-0.000,-0.000,0.000
48.443,-0.000,0.000,0.001
48.453,0.000,0.000,0.001
48.463,-0.000,0.000,0.000
48.473,-0.000,0.000,0.000
48.483,0.000,0.000,0.001
48.493,0.000,0.000,0.001
48.503,-0.000,0.000,0.001
48.513,-0.000,0.000,0.000
48.523,0.000,0.000,0.001
48.533,-0.000,0.000,0.000
48.543,0.000,0.000,0.000
48.553,0.000,-0.000,0.000
48.563,0.000,-0.000,-0.000
48.573,0.000,-0.000,-0.000
48.582,0.000,0.000,0.000
48.593,0.000,0.000,0.001
48.603,0.000,0.000,0.000
48.613,0.000,0.000,-0.000
48.622,-0.000,0.000,0.000
48.633,0.000,0.000,0.000
48.643,-0.000,0.000,0.000
48.653,0.000,0.000,0.000
48.662,-0.000,-0.000,0.000
48.673,-0.000,-0.000,-0.000
48.683,-0.000,-0.000,0.000
48.693,-0.000,-0.000,0.000
48.702,-0.000,0.000,0.000
48.713,-0.000,0.000,0.000
48.723,0.000,-0.000,0.000
48.733,0.000,-0.000,0.001
48.743,0.000,0.000,0.000
48.752,0.000,-0.000,-0.000
48.763,0.000,-0.000,0.000
48.773,0.000,-0.000,0.001
48.783,0.000,0.000,0.000
48.792,0.000,-0.000,0.000
48.803,-0.000,-0.000,0.000
48.813,-0.000,-0.000,0.000
48.823,-0.000,0.000,0.001
48.832,-0.000,0.000,0.000
48.843,-0.000,-0.000,0.000
48.853,-0.000,0.000,0.000
48.863,-0.000,0.000,-0.000
48.872,-0.000,0.000,-0.000
48.882,0.000,0.000,0.000
48.893,-0.000,0.000,0.000
48.903,0.000,0.000,0.000
48.912,0.000,0.000,0.000
48.922,0.000,0.000,0.000
48.933,0.000,0.000,0.001
48.943,-0.000,0.000,0.000
48.952,-0.000,-0.000,-0.000
48.962,-0.000,-0.000,-0.001
48.973,-0.000,-0.000,-0.000
48.983,-0.000,-0.000,-0.000
48.993,0.000,-0.001,-0.001
49.002,0.000,-0.000,-0.001
49.013,0.000,-0.000,-0.001
49.023,0.000,-0.000,-0.000
49.032,-0.000,-0.000,0.000
49.042,-0.001,-0.000,-0.000
49.052,-0.001,-0.000,-0.001
49.063,-0.000,-0.000,-0.001
49.072,-0.000,0.000,-0.000
49.082,-0.000,0.000,0.000
49.092,-0.000,0.000,0.000
49.103,-0.000,0.000,-0.000
49.112,-0.000,0.000,0.000
49.122,-0.000,0.000,-0.000
49.132,0.000,0.000,0.000
49.143,-0.000,-0.000,0.000
49.153,-0.000,-0.000,0.000
49.162,-0.000,-0.000,0.000
49.172,-0.000,-0.000,0.001
49.183,-0.000,-0.001,0.001
49.192,0.000,-0.000,0.001
49.202,0.000,0.000,0.001
49.212,0.000,0.000,0.000
49.222,0.000,0.000,0.001
49.233,0.000,0.000,0.000
49.242,0.000,0.000,0.000
49.252,-0.000,0.000,0.000
49.262,0.000,0.000,0.000
49.273,-0.000,0.000,0.000
49.282,-0.000,0.000,0.001
49.292,-0.000,0.000,0.000
49.302,-0.000,0.000,0.000
49.313,0.000,0.000,0.000
49.322,0.000,0.000,0.000
49.332,0.000,-0.000,0.001
49.342,0.000,0.000,0.000
49.351,0.000,0.000,-0.000
49.362,0.000,0.000,-0.000
49.372,0.000,0.000,-0.000
49.382,0.001,0.000,0.000
49.392,0.000,0.000,0.000
49.402,0.000,0.000,-0.000
49.412,0.000,0.000,-0.000
49.422,0.000,0.000,0.000
49.432,0.000,0.000,-0.000
49.442,-0.000,0.000,-0.001
49.452,0.000,0.000,-0.000
49.462,0.000,0.000,-0.001
49.472,0.000,0.000,0.000
49.482,0.000,0.000,0.000
49.492,0.000,0.000,0.001
49.502,0.000,-0.000,0.001
49.512,0.000,0.000,0.000
49.522,0.000,0.000,0.001
49.532,-0.000,0.000,0.001
49.542,0.000,0.000,0.001
49.552,-0.000,0.000,0.001
49.561,0.000,-0.000,0.001
49.572,-0.000,-0.000,0.001
49.582,-0.000,-0.000,0.000
49.592,-0.001,-0.000,0.000
49.601,-0.000,-0.000,0.000
49.612,0.000,-0.000,0.000
49.622,-0.000,-0.000,0.000
49.632,-0.000,-0.000,0.001
49.642,-0.000,-0.000,0.000
49.652,0.000,-0.000,0.000
49.662,-0.000,-0.000,0.000
49.672,-0.000,-0.000,0.001
49.682,-0.001,0.000,0.001
49.691,-0.001,0.000,0.000
49.702,-0.000,0.000,0.000
49.712,-0.000,0.000,0.000
49.722,-0.000,0.000,0.001
49.731,-0.000,0.000,0.000
49.742,0.000,-0.000,-0.000
49.752,-0.000,-0.000,-0.001
49.761,-0.000,-0.000,-0.000
49.771,0.000,0.000,0.000
49.782,0.000,0.000,-0.000
49.792,0.000,0.000,-0.000
49.802,0.000,0.000,-0.000
49.811,0.000,0.000,0.000
49.821,-0.000,-0.000,0.000
49.832,-0.000,-0.000,0.000
49.842,-0.000,0.000,0.000
49.851,-0.000,0.000,0.000
49.861,0.000,-0.000,0.000
49.872,0.000,-0.000,0.000
49.882,0.000,-0.000,0.000
49.891,0.000,-0.000,-0.000
49.901,0.000,0.000,0.000
49.912,-0.000,-0.000,-0.000
49.922,0.000,0.000,-0.000
49.931,-0.000,0.000,-0.000
49.941,-0.000,-0.000,-0.001
49.952,-0.000,-0.000,-0.000
49.962,0.000,-0.000,-0.000
49.971,-0.000,-0.000,-0.000
49.981,-0.000,-0.000,-0.000
49.991,-0.000,-0.000,0.000
50.002,0.000,0.000,0.000
